海康威视(002415)2021年半年报点评：业绩增长超预期 创新开创新格局,公司,国元证券股份有限公司,耿军军,2021-07-25,"事件   
　　公司于2021 年7 月23 日收盘后发布《2021 年半年度报告》。   
　　点评：   
　　上半年营业收入与归母净利润实现40%增长，业绩表现超市场预期2021 年上半年，公司实现营业收入339.02 亿元，同比增长39.68%；实现归母净利润64.81 亿元，同比增长40.17%；公司整体毛利率为46.30%，同比下降3.46 个百分点，主要原因是上年同期受到疫情影响，高毛利的红外热成像产品销售火爆，推高毛利率；公司加强回款，提升经营质量，经营性现金流净额为19.63 亿元，上年同期不到7000 万元；期末公司合同负债金额为24.91亿元，同比增长112.36%，创下新高。   
　　三大BG 齐发力：低基数高增、高基数稳增，创新业务占比进一步提升分事业群来看，PBG 与SMBG 的低基数效应凸显，EBG 高基数下稳健增长。   
　　1）PBG 实现收入77.17 亿元，同比增长29.31%；2）EBG 实现收入72.19亿元，同比增长22.07%；3）SMBG 实现收入61.74 亿元，同比增长105.80%。   
　　分业务来看，创新业务占比提升至16.46%（+6.12%），机器人等业务增速亮眼。1）传统业务实现收入283.24 亿元，同比增长30.16%。2）创新业务实现收入55.78 亿元，同比增长122.18%。其中，智能家居、机器人和其他业务实现收入18.71、12.20、24.87 亿元，同比增长58.68%、124.83%、215.27%。   
　　分地区来看，海外部分国家和地区受到疫情影响。1)境内实现收入244.35 亿元，同比增长46.06%；2）境外实现收入94.67 亿元，同比增长25.53%。   
　　展望未来，PBG 业务稳健增长，EBG 继续发挥重要推动作用1）PBG 方面，以2019 年H1 为基期，过去两年复合增速达10.74%。虽然政府端预算仍然存在一定压力，但城市级项目的数量持续增长，内涵日益丰富，公司也越来越多地参与其中。我们认为，PBG 最为困难的时期可能过去，未来有望保持稳健增长。2）EBG 方面，过去两年复合增速为21.11%。即使在受疫情影响最强烈的2020 年H1，EBG 依然实现20.15%的增长，这也符合我们对于企业端数字化改造需求持续而平稳释放的判断。我们认为，未来EBG 有望保持20%以上的增速，并成为公司稳健发展的重要推动力。3）创新业务方面，萤石、机器人等业务高增长趋势不减，未来占比有望进一步提升。   
　　投资建议与盈利预测   
　　公司面向全球用户提供以视频为核心的智能物联网解决方案和大数据服务，在技术、产品与解决方案等方面拥有全面优势，未来成长空间广阔。参考上半年业务发展情况，上调公司2021-2023 年营业收入预测至789.32、939.46、1093.09 亿元，上调归母净利润预测至170.57、202.39、233.47 亿元，EPS为1.83、2.17、2.50 元/股，对应PE 为36.92、31.11、26.97 倍。考虑到：   
　　EBG 业务产业空间较大，且保持较快成长；创新业务快速发展，萤石网络分拆上市；公司过去五年PE 主要运行在20-50 倍等因素，维持公司2021 年45倍的目标PE，对应目标价为82.35 元。维持“买入”评级。   
　　风险提示   
　　新冠肺炎疫情反复；企业数字化转型的需求释放不及预期；海外市场拓展不及预期；创新业务发展不及预期；行业竞争加剧等。"
海康威视(002415)半年报点评：半年报大超市场预期 “脱钩”安防持续推进 议价能力提升,公司,国盛证券有限责任公司,刘高畅/郑震湘/杨烨,2021-07-24,"事件：公司于2021 年7 月23 日发布2021 年半年报，实现收入约339.02 亿元，同比增长39.68%，实现归母净利润约64.81 亿元，同比增长40.17%，实现扣非后归母净利润62.21 亿元，同比增长39.39%，业绩符合我们前期预期，大超市场预期。   
　　高水位库存保障供应链安全，长期安全边际进一步提升。2021 年上半年，公司通过持续的高水位库存策略以及紧密的供应商合作关系，应对紧张的供应链环境和海外政治不确定性，期末存货达到历史高位约151 亿元，环比继续增加约18 亿元，为未来的产品和方案交付打下基础。   
　　EBG 持续打开成长空间，创新业务加速推进。考虑到2020 年疫情带来的业务冲击，我们以2019 年H1 数据为基础，公司最近2 年的PBG/EBG/SMBG 收入的CAGR 分别为10.7%/21.1%/22.7%，EBG 在2020 年H1“一枝独秀”的情况下依旧保持了非常稳健的增速，EBG 业务打开更加广阔的市场空间、带来更强的客户黏性，“此项目制非彼项目制”。同时，公司的创新业务板块持续加速推进，上半年收入达到55.78 亿元，同比增长高达122.2%（其中机器人收入高增125%、其他创新业务收入高增215%），且萤石网络分拆上市进入备案辅导期，随着公司沿着光谱的波长通过多维感知技术拓展产品组合（公司5 月以来产品不断推陈出新，据我们不完全统计就推出了矿用本安型热成像、明眸“全面屏”智能门禁、防爆气体检测摄像机、大车右转盲区检测预警系统、大师型手持热成像仪等横跨多个行业和领域的产品），我们认为创新业务有望再造一个海康，同时和EBG 业务的持续深入将持续带来公司和传统安防硬件公司的市场刻板印象和估值体系的全面“脱钩”。   
　　现金流表现优异，产业链议价能力强大。公司2021H1 经营性净现金流达到约19.63亿元，大幅刷新历史最佳半年度数据，收现比例108%维持高位，合同负债24.91 亿元持续新高，同比增长113%，整体来看公司在供应链比较紧张的背景下依旧在产业链中保持了非常强的议价能力，有望进一步带来估值溢价空间。   
　　费用率明显收缩，符合战略推进方向。公司2020 年剔除生产人员后的人均产出达到205.3 万元/人，扭转了2016-2019 年这一数据的下滑趋势，同比增加约4%，2021H1的销售费用率同比下降1.73 个pct 至12.36%，管理费用率同比下降0.96 个pct 至2.60%，进一步验证了“统一软件架构+组织架构调整+AI 开放平台”三轮驱动所带来的研发效率提升和业内标杆案例复制速度的边际改善，战略推进符合长期方向。   
　　维持“买入”评级。我们预计公司2021-2023 年实现收入817.78 亿元、986.93 亿元、1193.07 亿元，归母净利润为179.48 亿元、218.94 亿元和265.88 亿元，维持“买入”   
　　评级。   
　　风险提示：国内需求不确定性；贸易关系扰动风险；原材料涨价风险；AI 推进不及预期的风险；创新业务孵化不及预期的风险。"
海康威视(002415)：机器视觉、AI生态、赋能落地正全面推进！,公司,上海申银万国证券研究所有限公司,施鑫展/洪依真/骆思远/刘洋,2021-06-25,"事件：海康威视公众号近期披露多篇文章，分别证明公司在机器视觉能力、AI 生态建设、AI 赋能落地等方面取得重要进展：   
　　机器视觉能力：深度学习目标检测能力大幅提升，对标基恩士进一步拉进距离。海康机器人官方公众号披露，其目标检测算法支持检测目标数量为1000，支持GPU,CPU,多平台运行，可帮助客户应对复杂应用场景。典型包括：太阳能电池片组件的缺陷检测、建筑制造行业的目标计数、药品生产企业的检测有无、3C 制造领域的目标定位场景等。当前日本基恩士在工业机器视觉领域占据先发优势，具备极强盈利能力；海康正在硬件产品布局（近期推出基于模块化平台设计的2400 万像素万兆网相机）、销售体系建设、AI 识别能力等全方面快速追赶。   
　　AI 生态建设：首期海康机器人机器视觉工程师认证培训于6 月19-20 日圆满举行，AI 生态建设迈出重要一步。培训课程涵盖《基于VM SDK 的二次开发》、《基于算法包的二次开发》等，使其具备在海康机器视觉生态产品下做集成和应用开发的能力。公司年报强调开放体系（设备开放+平台开放+数据开放+应用开放）与赋能体系（系统运维+算法训练+数据工程+应用开发）建设，开放生态赋能体系正在全面形成。   
　　AI 赋能落地：流程工业客户深耕7 年全面合作，标杆效应催化AI 赋能加速渗透。韶钢和海康威视的合作始于2013 年，牵手7 年来，双方在安全生产、生产工艺、综合治理三大领域进行深度合作，韶钢在数字化创新之路上管理水平全面进阶。例如：基于热成像感知设备和巡检应用软件，管理人员远离了辛苦的攀爬和危险的现场，在控制中心即可完成例行巡视；基于视觉AI 感知的铁水包编号识别、钢板编号识别、钢胚编号识别等生产环节应用相继落地，助力企业实现降本增效。在标杆项目的带动下，海康在钢铁行业获得了多个重要客户，AI 赋能加速在细分行业内渗透。   
　　多篇深度报告逻辑正在兑现：我们在2021.3 发布的《海康威视深度：顶尖嵌入式软件公司的AI 新成长》重点测算AI 赋能新业务的护城河、增量空间，明确新一轮成长曲线开启；2020.12 的《AI 产业化：2021 高景气主线-全行业AI 赋能系列深度之一》和2021.6 的《后人口红利时代的高景气赛道—2021H2 AI 行业投资策略》中明确2021 年开启AI 行业长期高景气，以海康威视为代表的强落地能力AI 领军最受益。目前上述逻辑正在不断兑现。   
　　维持盈利预测和“买入”评级。公司2020 年已进入新一轮增长曲线的“超级拐点”，2021起有望持续兑现成长；公司明确未来三年发展机遇期，加强投入的同时有望获得更快速的收入提升。预计2021-2023 年归母净利润为170.2/210.6/256.2 亿元，对应PE 分别为35/28/23 倍，维持“买入”评级。   
　　风险提示：外部环境尤其海外市场的不确定性，原材料价格波动对毛利率存在影响，人民币汇率波动可能造成汇兑损失。"
海康威视(002415)公司点评：产品不断推陈出新 能力边界持续外延,公司,国盛证券有限责任公司,刘高畅/郑震湘/杨烨,2021-06-18,"事件：公司5 月以来产品不断推陈出新，据我们不完全统计就推出了矿用本安型热成像、明眸“全面屏”智能门禁、防爆气体检测摄像机、大车右转盲区检测预警系统、大师型手持热成像仪等横跨多个行业和领域的产品。   
　　HEOP 平台为前端设备形态的多样化提供强大支持。公司以可见光为中心不断向两端延伸，逐步形成了在可见光、毫米波、远红外、X 光、声波领域的五条技术主线，构成公司多维感知技术的主架构。公司通过嵌入式设备开放平台（HEOP），满足硬件产品类型繁多、产品运行环境多样、产品运维管理方式不一的挑战，使得各类智能物联网设备具备相同的软件基础，支持通过软件升级来改变硬件产品的功能，同时还可以支持合作伙伴基于HEOP 进行应用功能的快速迭代开发。底层HEOP 平台的强大支持为公司硬件产品形态的进一步丰富提供了基础，叠加公司软硬件研发互为支持的团队协作模式，我们认为未来公司的产品和解决方案创新将进一步加速。   
　　EBG 占比提升打开长期成长空间，人均产出提升印证研发效率提升和行业案例复制提速。公司2020 年EBG 板块收入增速为20.6%，增速高于其他业务板块，带动板块收入占比同比提升2.1 个pct 至23.9%，企业数字化浪潮的持续推动将打开公司的长期成长空间，降低业务收入周期性，融入更多行业Know-how 的行业应用解决方案将进一步提升客户粘性和公司的议价能力，拓宽公司的长期护城河。公司2020年剔除生产人员后的人均产出达到205.3 万元/人，扭转了2016-2019 年这一数据的下滑趋势，同比增加约4%，人均产出拐点印证了“统一软件架构+组织架构调整+AI开放平台”三轮驱动所带来的研发效率提升和业内标杆案例复制速度的边际改善。   
　　现金流创历史新高、合同负债强劲增长印证产业链议价能力强化，创新业务持续高增加速“脱钩”安防，多维感知技术拓展产品组合，长期成长值得期待。2020 年公司经营性净现金流高达160.88 亿元，现金回款比例为107.4%，合同负债达21.6 亿元，同比增加11.4 亿元，合同负债的增长印证了公司产业链议价能力进一步强化。   
　　同时，公司2021 年第一季度经营性净现金流为-20.18 亿元，同比改善19.64 亿元，公司自我造血能力表现优秀。公司旗下包括萤石网络、海康机器人等在内的8 个创新业务板块整体呈现出快速发展态势，2020 年创新业务收入增速达到约39.0%，其中机器人、萤石网络业务的同比收入增速分别为66.9%、12.6%，其他创新业务的收入同比增速高达83.5%，且2021 年1 月公司已公告将拆分萤石网络至科创板上市。此外，2021 年一季度创新业务继续保持高速发展态势，当期公司少数股东损益为2.65 亿元，同比大增364%，创新业务的持续高增将提振市场认知，加速“脱钩”   
　　安防。未来随着公司从可见光为中心渗透到毫米波、远红外、X 光、声波等技术领域和业务场景，多维感知技术将进一步拓展公司产品组合，长期成长值得期待。   
　　维持“买入”评级。我们预计公司2021-2023 年实现收入817.78 亿元、986.93 亿元、1193.07 亿元，归母净利润为179.48 亿元、218.94 亿元和265.88 亿元，对应目前股价PE 为30.8 倍、25.2 倍和20.8 倍，维持“买入”评级。   
　　风险提示：国内需求不确定性；贸易关系扰动风险；原材料涨价风险；AI 推进不及预期的风险；创新业务孵化不及预期的风险。"
海康威视(002415)：以光为轴 开启物联感知新纪元,公司,国信证券股份有限公司,许亮/唐泓翼,2021-06-10,"以视频技术为核心，定位解决方案和大数据服务海康威视是以视频技术为核心的智能物联网解决方案和大数据服务提供商，业务聚焦于综合安防、大数据服务和智慧业务。经过二十年视频技术领域深耕，通过构建开放合作生态，为公共服务领域用户、企事业用户和中小企业用户提供服务。随着公司感知平台、数据平台和应用平台的积累沉淀，毫米波、远红外、 X 光、声波等感知技术的加入，公司将进入又一个增长新周期。   
    泛安防融入未来社会，智能化场景打开增量空间随着数字化时代开启，各个行业迎来入口形式和内容的颠覆性变化。   
　　在场景重构过程中，由于安防领域在预防、监控及后处理的一体化发展趋势以及智慧城市、政企数字化等需求推动下，数字智能化场景在各行业横向铺开，形成新一轮的增长空间。   
    四个维度构筑企业长期核心竞争力   
　　我们认为公司的长期核心价值主要包括四点：一是软件服务提升产品附加值，智能摄像头等单品硬件产品ASP 提升；二是优化整合客户资源，解决差异化痛点；三是通过复用解决方案，实现规模效应增强，降本增效显著；四，公司创新业务多点开花，特别是智能家居业务及机器人业务增长迅猛，其他如热成像、汽车电子、毫米波、消防产品、存储产品、X 光检测设备等业务横向拓展，收入占比持续提升，为公司成长增添新动能。   
    风险提示   
　　智慧城市、政企数字化需求不及预期；创新业务业绩增长不及预期；宏观经济增速放缓带给公司的估值压力。   
    维持“推荐”评级，给予合理估值70.0-78.4 元考虑公司所处领域竞争格局稳定，未来安防升级趋势下，公司将获得新的业务增长空间。考虑公司AI 属性，得出公司合理估值区间70.0-78.4元，我们预计公司21-23 年每股收益1.75/2.02/2.35 元，对应市盈率为32.3/27.6/24.0 倍，维持“买入”评级。"
海康威视(002415)深度系列报告之(五)-商业端视角看海康：进军数字化转型赛道 开启第二成长曲线,公司,中信证券股份有限公司,徐涛/胡叶倩雯,2021-06-08,"本文从商业端业务（EBG）视角对公司的第二成长曲线“数字化转型”进行分析，重点对数字化转型赛道的空间、格局，以及海康威视在数字化转型中的布局进展、业务边界、核心壁垒等问题进行探讨。在数字化转型成为未来10 年黄金赛道的大趋势下，我们看好公司进军新赛道不断打开更大成长空间，并通过内部改革不断进行微创新和实施中台研发架构，构筑更大壁垒。我们坚定看好公司未来的成长趋势及空间，维持“买入”评级。   
　　行业趋势：企业数字化转型是未来10+年维度的黄金赛道，潜在空间有望达万亿。在人口红利逐步消退的大背景下，国内企业出于降本增效的考虑纷纷开始拥抱数字化转型。我们认为企业数字化转型有望成为未来10 年+维度的长周期黄金赛道。数字化转型可以分为底层信息化、基于设备&场景物联的数字化、基于物信融合和认知智能的数字化三个层次，近年来在AI 等核心基础技术升级的驱动下，企业数字化转型也正向深层次发展，中长期看有望带来数万亿元的潜在空间。考虑到企业数字化转型具有高度定制化的特征，数万亿的数字化转型市场料将呈现渐次落地的特征：预计复杂度相对低的场景、自身实力雄厚的头部公司将率先实施数字化转型，未来供给端技术升级+成本降低有望加速需求落地节奏。   
　　产业格局：多环节玩家携手助力企业的数字化转型，海康威视基于视觉感知能力切入，有望成为重要参与者。企业数字化转型是大型的系统性工程，涉及硬件、软件、网络、平台、应用等诸多环节，以及AI、大数据、云计算等多种技术，每个环节均有大量玩家积极布局，传统产业龙头、ICT 巨头、硬件龙头、软件龙头、AI 独角兽等各方玩家纷纷涌入。由于企业数字化转型具有高度定制化的特征，我们认为行业很难出现寡头垄断（尤其是在应用层面），不同类型参与方相互合作、共同推动客户的数字化转型需求落地是最优选择。由于视觉感知是深层次数字化转型最重要的数据入口，海康威视以感知设备作为切入点进军数字化转型赛道，并通过强化软件和平台的布局持续提升在数字化转型过程中公司能提供的附加值，业务边界有望拓宽；海康威视还拥有完善的渠道布局和丰富的行业经验积累，有望成为企业数字化转型的重要参与者。   
　　公司优势：通过持续微创新把握客户需求，实施中台研发架构构筑壁垒。公司围绕AI Cloud 架构已经打磨出全方位的软硬件产品体系，并推出多种开放平台和一套交付方法论加速推进企业数字化转型，助力用户价值落地：目前公司已有部分客户的单年销售额从数万~数十万扩张至数百万~数千万元（销售更多更高端的硬件，并以软件提升硬件附加值）。在拓宽护城河方面，公司针对单客户单场景需求，基于行业洞察能够持续领先于同行进行微创新，从而在单项目竞标中占据优势；在更宏观维度上，公司自2016 年以来实施中台研发架构战略，通过组件复用提升规模效应，未来相较于同行有望具备更强可持续的成本优势。   
　　目前公司已结束大规模建设阶段，我们认为在未来3 年将进入发展机遇期，公司仍将加大研发投入但会更加精细化投放，有望逐步迎来行业红利期，看好公司人效数据持续改善并加速实现在数字化转型领域的客户突破。   
　　风险因素：传统安防需求不及预期；海外市场竞争加剧；数字化转型业务进展低于预期；创新业务进展不及预期；汇率波动等风险"
海康威视(002415)：需求端景气度回升 龙头迎来数字化转型大浪潮,公司,华创证券有限责任公司,孟灿/王文龙,2021-05-31,"国内外经营环境修复，需求端景气度回暖。2021 年一季度公司收入、利润同比取得较快增长，除了20Q1 受疫情影响负增长，低基数因素外，还有20 年部分商机延后到21 年释放、下游各行业需求端伴随宏观经济回暖而景气度回升、元器件涨价下产品售价逐步提升、涨价和缺货推动下游合作伙伴积极备货、供应链缺货下头部企业市场份额提升等多重因素共同支撑。总体看，国内经济逐渐摆脱疫情影响，海外疫情防控常态化，国内外经营环境整体较为稳定，有利于业务开展。   
　　人工智能和大数据技术落地应用加快，未来三年是公司的发展机遇期。在国内外市场，公司看到人工智能技术落地速度的加快，看到大数据技术应用兴起、多探测器技术融合，看到最终用户对智慧城市、企业数字化转型、物联网认知提高带来的机会。15-20 年，公司坚定持续投入，积累硬件技能树、打造统一软件架构、AI 开放平台，形成软硬融合、云边融合、物信融合、数智融合多维智能物联网和大数据平台产品及服务提供能力，并在金融、物业、能源、教育、医疗、制造业、零售等众多行业头部客户实现智能化解决方案标杆案例落地，支撑各行业数字化转型升级。我们认为未来三年是公司的发展机遇期，公司会继续加大研发投入，同时优化内部运营管理，提升改善运营效率，推动政府和企业的数字化转型进程从点状落地走向百花齐放式的普及推广阶段。   
　　创新业务多元布局，成为公司第二增长曲线。公司目前形成了以智能家居、机器人、红外热成像、汽车电子为代表的四大创新业务，及存储、安检设备、智慧消防、医疗影像为代表的四小创新业务；与海康既有业务形成了产业链上下游、产品线、应用场景等多维度的有效互补。面向众多的蓝海市场，各创新业务子公司依托海康厚实的技术积累、供应链管理、生产质量管控、渠道下沉、场景理解能力，叠加良好的激励机制，过去几年总体取得快速增长，未来发展前景可期，逐步成为海康第二成长曲线。   
　　盈利预测与评级。大企业市场、创新业务需求快速增长，政府、渠道、海外市场回暖，公司为行业龙头之一，受益于集中度提升，且15-18 年高投入期已过，过去几年智能化解决方案落地案例得到验证，未来将进入各行业复制推广期，相比18-20 年，未来3 年公司或将迎较好发展机遇。我们预计2021-2023 年，公司营业收入为806.4 亿元、956.2 亿元、1139.8 亿元；归母净利润为170.3亿元、205.6 亿元、247.8 亿元；EPS 为1.82 元、2.20 元、2.65 元。我们给予公司21 年40-45 倍PE，给予目标价区间72.9-81.9 元，首次覆盖，给予“强推”   
　　评级。   
　　风险提示：技术更新换代；法律合规；汇率波动；全球经营风险；供应链安全。"
海康威视(002415)：业绩边际向好 创新业务带来增长新动能,公司,东兴证券股份有限公司,王健辉,2021-04-23,"事件概述：公司发布20 年年报与21 年一季报，2020 年实现营业收入635.03亿元，同比增长10.14%；归母净利润133.86 亿元，同比增长7.82%。21 年一季度实现营业收入139.88 亿元，同比增长48.36%；归母净利润21.69 亿元，同比增长44.99%。   
    点评：   
    疫情影响减弱，公司业绩逐季向上。1）营收端：公司20Q4 营收、归母净利分别为214.82、49.47 亿元，同增20.56%、12.75%，环增21.03%、230.59%；21Q1 业绩持续提升，分别实现营收、归母净利润139.88、21.69 亿元，同增48.36%、44.99%。2）盈利能力端：公司20 年毛利率为46.53%，上升0.54pct，主要系顺应形势推出的热成像测温设备拉动；净利率为21.54%，下降0.08pct，主要受人民币升值出口汇兑损失影响。公司20 年采取了较为稳健的费用政策，控制人员增长与费用支出，销售费用率与管理费用率均呈现逐季递减的趋势，全年销售费用率为11.62%，下降0.97pct，管理费用率为2.82%，下降0.34pct。3）现金流端：20 年公司经营性现金流净额达160.88亿元，同比增长107.12%，其大幅改善主要受益于公司积极回款以及热成像测温类产品的良好付款条件。   
    技术驱动发展，创新业务带来新动能。20 年公司研发投入达63.79 亿元，占总收人的10.04%，研发和技术人员合计超2 万人。技术层面投入转化明显，公司以物联感知、人工智能、大数据为核心的技术体系不断完善，软硬件产品持续升级。公司目前正在积极推进创新业务的发展，20 年智能家居业务营收29.19 亿元，同增12.60%；机器人业务营收13.59 亿元，同增66.91%；其他创新业务营收18.91 亿元，同增83.49%，为提升创新业务的竞争力，公司启动了萤石网络分拆上市工作。   
    三大业务群需求深挖，EBG 或将长期高增。公司18 年将国内业务整合为公共服务事业群（PBG）、企事业事业群（EBG）、中小企业事业群（SMBG）三大类，以更好的深挖市场需求、统筹公司资源。20 年PBG 实现收入163.04 亿元，同增4.61%；EBG 实现收入151.80 亿元，同增20.56%；SMBG 实现收入96.83 亿元，同增3.50%。PBG 和SMBG 业务增速受经营场所关闭、政府节省开支等影响而有所放缓；EBG 业务因覆盖行业较多，风险较为分散，加之大型企业风控相对较强，其在20 年保持了较高增速。因企业数字化转型需求将长期存在，伴随公司人工智能、智能物联、物信融合等技术逐步落地，海康威视EBG 业务前景广阔，预期将加速推进，保持稳健高增的态势。   
    核心逻辑：   
    技术优势显著，规模优势逐步显现。作为国内视频产品及内容服务提供领域龙头，公司长期高研发投入带来了深厚的技术储备与强大的业务迁移能力，其能基于行业前沿与市场需求及时调整产品战略，有望受益于数字化转型与智能化建设带来的AI 和物联网红利。同时公司的规模效应正在逐步显现，技术的横向迁移能力不断加强，随着技术工具在不同领域复用，公司业务开拓的边际成本将不断降低，盈利水平预期将进一步改善。   
    抗压能力强，弱化外部影响有望长期稳增。公司EBG 端营收逐步增长，该部分收入受益于大中型企业的强风控能力整体较为稳定。同时公司持续建设全球合规体系，加强海外业务合规团队建设，助力公司业务的顺利开展。此外依托高库存战略，平滑供货紧张带来的业务波动，尽可能规避上游芯片等原材料短缺造成的业务影响，基于上述原因，公司预期将实现长期平稳增长。   
    创新业务前景广阔。公司创新业务主要包括萤石网络、海康机器人、海康汽车电子、海康微影、海康智慧存储、海康消防、海康睿影、海康慧影八大板块，公司即将拆分上市的萤石网络采取“云平台服务+智能家居”的双主业格局，公司硬件产品技术领先，依靠云服务的额外加持，随消费升级智能家居的市场需求将长期增长，该部分业务有望成为公司新的盈利增长点。   
    公司盈利预测及投资评级：我们预计公司2021-2023 年归母净利润分别为162.86、198.93、243.92 亿元，对应EPS 分别为1.74、2.13、2.61 元。当前股价对应PE 分别为36、30、24 倍。随企业数字化、智慧城市等需求的提升，行业基本面向好，看好公司未来创新业务的推进与企业端收入的增长，维持“推荐”评级。   
    风险提示：创新业务推进速度不及预期，海外新冠疫情控制不及预期，上游原材料供应受限。"
海康威视(002415)：企业数字化转型助推EBG高增长 HEOP带来研发效率跃升,公司,海通证券股份有限公司,郑宏达/洪琳/黄竞晶/杨林,2021-04-22,"2020 年疫情下实现高质量业绩增长，EBG 智能化需求为主要动力：根据公司年报，公司2020 年实现营业总收入635.03 亿元，同比增长10.14%；实现归母净利润133.86 亿元，同比增长7.82%，整体毛利率为46.53%，与上年同期相比提高0.54个百分点，公司在疫情之下实现了稳健增长。从国内分事业群来看，2020 年国内收入同比增长10.59%，其中，PBG 的收入163.04 亿元，同比增长4.61%；EBG收入151.80 亿元，同比增长20.56%；SMBG 收入96.83 亿元，同比增长3.50%。   
　　现金流方面，通过积极回款，2020 年公司经营性现金流净额为160.88 亿元，为历年来经营性现金流净额与当年净利润比最高。   
　　2021 全面恢复景气，Q1 收入同比增长48.36%。根据公司一季报，2021Q1 公司实现营业收入139.88 亿元，比上年同期上升48.36%，与2019Q1 相比,复合增长率为18.61%；Q1 季度公司整体毛利率为46.82%，与2019Q1 相比增长1.99 个百分点；2021Q1 公司实现净利润24.35 亿，同比增长56.73%，与2019Q1 相比复合增长为26.65%。   
　　企业数字化转型需求旺盛，创新业务渐成重要驱动力：根据公司官微，2020 年疫情较为直接影响PBG 和SMBG，受经营场所关闭、节省开支等方面的影响，PBG和SMBG 的业务开展在2020 年上半年承受了较大压力。EBG 业务受疫情影响相对较小，系该类业务覆盖行业较多有关，不同行业受到疫情冲击的程度不一样，同时大中型企业抗风险能力也相对较强，企业的数字化转型需求仍然表现得较为旺盛，因此EBG 保持相对较高增速。2020 年下半年，国内的疫情得到控制，PBG和SMBG 也有了较大的恢复并实现增长，其中尤其是SMBG，在上半年出现超过20%下降情况下，下半年实现了较好的增长。创新业务发展方面，2020 年智能家居业务营收为29.19 亿元，同比增长12.60%；机器人业务营收为13.59 亿元，同比增长66.91%；其他创新业务营收18.91 亿元，同比增长83.49%。2020 年末创新业务占公司总营收9.71%，创新业务正在成为公司增长的重要驱动力，公司预期未来创新业务的占比还将继续提升。我们认为，公司在传统感知领域的龙头优势，叠加强研发和智能解决方案能力，将充分受益于企业的数字化转型趋势，未来EBG业务有广阔发展空间；同时，公司在创新业务方面的持续布局和投入，将进一步巩固市场竞争力，多元驱动公司长期发展。   
　　合理平衡费用支出，坚持投入研发。在费用支出方面，公司为应对疫情带来的冲击，2020 年采取了较为保守的费用策略，控制人员增长和费用支出。2020 年底公司人数为42685 人，较前一年底增加5.65%；季度费用率呈现前高后低，逐季下降的趋势。根据公司官微，未来三年是公司发展的机遇期，公司将继续加大投入，同时也会继续优化内部管理，提升运营效率。在汇率影响方面，2020 年人民币较美金出现显著升值，全年汇兑损失约8.87 亿元。我们认为，公司在费用支出方面管控较有成效，根据业务进展合理平衡费用支出，未来公司净利润有进一步提升空间。   
　　统一软件平台赋能软件开发，灵活应对EDG 碎片化需求。根据公司年报，公司HEOP 提供设备级开放平台，支持应用解耦开发，开发者开发独立于智能设备的App，做到产品硬件开发和软件特性开发双向解耦，提升产品开发的灵活性，缩短研发周期，提高开发效率；提供基础能力，包括音视频处理、深度学习推理等；同时合作伙伴可基于设备资源，使用开放的能力接口开发App，满足不同的场景需求，如危险品识别、电瓶车识别等。合作伙伴还可以把自己的App 发布到海康应用商城上进行推广和销售；支持设备灵活部署，海康威视自研及合作厂商App，只需简单二次编译和打包就可以跨产品直接使用。我们认为，随着公司的统一软件架构平台的能力加强，将极大的提升产品开发效率，有助于公司未来灵活面对EDG 业务的碎片化要求，将规模效应最大化。   
　　盈利预测与投资建议：我们认为，公司基于自身深厚技术积累，不断优化业务架构，积极应对外部环境变化，进一步确立竞争优势。我们预计，公司2021-2022 年EPS 分别为1.77/2.12 元。由于公司在安防监控领域的核心能力，及未来在AI、创新领域的拓展潜力，未来公司可望保持持续的竞争优势，给予较同行业公司更高的估值溢价，给予公司2021 年36-42倍PE，对应合理价值区间63.72-74.34 元/股，维持“优于大市”评级。   
　　风险提示：AI 产品进展低于预期的风险，行业增速低于预期的风险。"
海康威视(002415)：21Q1业绩超预期 智能化转型成效显现,公司,中国银河证券股份有限公司,傅楚雄,2021-04-21,"事件 公司发布2020 年年报，全年实现营收635.03 亿元，同比增长10.14%；实现归母净利润133.86 亿元，同比增长7.82%；实现摊薄EPS 1.43 元，拟10 派8 元。公司发布2021 年一季报，实现营收139.88 亿元，同比增长48.26%；实现归母净利润21.69 亿元，同比增长44.99%；实现摊薄EPS 0.23 元。   
　　龙头企业展韧性，2020 年业绩稳健增长 尽管2020 年行业需求端受到了新冠疫情的负面冲击，公司2020Q1-Q4 营收增速逐季增加，展现了龙头较强的运营管理及抗风险能力。2020Q4 公司营收/归母净利润分别同比增长20.6%/12.8%，营收增速略高于利润增速，主要由于人民币升值导致的汇兑损失对公司短期盈利能力的影响。   
　　分业务来看：2020 年上半年PBG、SMBG 及海外业务受疫情影响较大，下半年需求端逐渐修复，公司持续优化产品结构及渠道管理能力，全年营收分别实现4.6%、3.5%、9.0%的增长；大企业抗风险能力较强，数字化转型需求不减反增，2020 年EBG 业务营收同比增长20.6%；AI 等新兴技术加成，2020 年公司创新业务快速成长，营收同比增长39%，其中机器人业务同比增长67%。   
　　研发投入持续加大，智能化转型成效显现 公司持续加大研发投入加码创新业务及软件体系：2020 年公司研发投入为63.79 亿元，研发费用率由2017 年的7.62%提升至10.04%。创新业务方面，公司围绕汽车电子、机器视觉、机器人等八大领域持续积累技术储备并拓展业务边界，其子公司萤石网络拟分拆至科创板上市。软件体系方面，公司开发了统一的嵌入式软件平台，通过软件升级改变硬件产品功能，实现了软硬融合，大幅提升了开发效率。我们认为，公司加大研发投入，掌握AIOT 浪潮主动权，创新业务中长期将成为公司业绩增长新引擎，进一步提升公司的营收规模及盈利能力。   
　　需求端快速复苏，21Q1 业绩超预期 由于PBG、SMBG 业务需求加快复苏，EBG 数字化需求保持强劲，2021 年Q1 公司实现归母净利润21.7 亿元，同比增长45%，相较2019 年Q1 亦提升了41.21%。   
　　我们认为，由于2020 年新冠疫情的冲击，企业数字化转型需求愈发迫切，EBG、SMBG 及创新业务有望保持高速增长；疫情影响减弱，PBG 及海外业务有望保持稳健增长；预计未来三年公司营收有望保持10%以上的增长。考虑到原材料价格上涨及汇兑损益的影响，预计2021 年公司毛利率或将小幅回调至45.5%；随着创新业务占比的提升，预计2022-2023 年毛利率将恢复至46%以上。   
　　投资建议 企业数字化转型需求旺盛，我们预计公司2021-2023 年净利润分别为158.42、182.86 和212.36 亿元，对应EPS 分别为1.70、1.96 和2.27 元，目前股价对应2021 年市盈率为33.64 倍。公司作为安防+AIOT 龙头企业，将深度受益于企业智能化升级所释放的红利，创新业务中长期成长空间广阔，维持“推荐”评级。   
　　风险提示 智能化转型不及预期，需求复苏不及预期的风险。"
海康威视(002415)：物联网龙头业绩持续高增长 科技创新打开公司成长空间,公司,东方财富证券股份有限公司,危鹏华,2021-04-21,"【投资要点】    
    2021 年 04 月 17 日，公司发布了 2020 年报及 2021 年一季报。公司全年实现营收 635.03 亿元，同比增长 10.14%；实现归母净利润 133.86亿元，同比增长 7.82%；扣非后净利润为 128.06 亿元，同比上升 6.38%。   
    而 2021 年一季度的营收则同比大幅增长 48.36%，达到 139.88 亿元；实现归母净利润 21.69 亿元，同比大涨 44.99%；扣非后净利润为 20.22亿元，同比增长 37.64%。优质的业绩充分展现了大数据技术与多探测器技术相融合能为公司带来大量的市场机会。   
    持续加大研发投入，公司经营稳中向好。受益于加快智慧城市的建设以及企业对数字化转型的需求，2020 年公司毛利率为 46.53%，较去年小幅上涨 0.53pct；资产负债率下降至 38.58%，资本结构得到小幅改善；三项费用率合计为 15.06%，相比去年同期小幅上升了 0.42pct；公司高度重视技术自主创新，2020 年累计研发投入 63.79 亿元，同比增长 16.32%。从营运能力来看，全年应收账款周转天数为 129.15 天，相比去年 129.46 天，账期略有缩短。   
    智能物联网发展迎机遇。工业协会预测，随着国家政策、经济、社会及技术等高速发展，到 2022 年我国物联网产业规模将超 2 万亿元。   
    而海康威视持续加强以视频为核心的智能物联网解决方案和大数据服务能力，推动行业应用走向深化，将国内业务分为公共服务事业群（PBG）、企事业事业群（EBG）、中小企业事业群（SMBG）三个业务群。   
    通过对三类不同的业务模式深挖市场需求、统筹公司资源、助力用户数字化转型、打造泛安防产业互联网，公司业绩预计将迎来快速发展的机遇期。   
    积极拓展上下游相关业务。在产业链上游，海康威视分别设立了海康微影与海康存储，其中海康微影主攻非制冷红外传感器，用以提高机器的视觉感知范围，打破上游供应限制；海康存储则携手联芸科技研发固态存储满足终端存储需求。下游终端应用市场中，公司通过成立安全生活业务品牌海康萤石，成功切入民用安防和智能家居领域；海康机器人则负责智能制造，研发移动机器人、机器视觉以及行业级无人机等技术；成立海康汽车技术有限公司以专注视觉算法及系统解决方案，布局智能驾驶。这些创新业务均有利于海康威视掌握核心数据入口，助力公司从安防综合服务商转型成以视频为核心的物联网解决方案提供商，进一步打开企业未来成长空间。   
    【投资建议】   
    受益于“智慧城市”理念的推行，企业数字化转型的迫切以及人工智能技术的迅速落地，整体产业链仍具有较大的发展空间。得益于过去 20年技术的沉淀，海康威视在软硬融合、云边融合、物信融合、数智融合方面具有较好的基础，有利于公司满足用户的各类需求，进一步以科技创新推动公司发展，巩固并扩大竞争优势。由此，我们推估公司 2021/ 2022/2023 年营业收入为 734.70/ 861.01/ 996.19 亿元，归母净利润为 162.42/189.66/219.61 亿元，EPS 分别为 1.74/ 2.03/ 2.35 元，对应 PE 分别为35/ 30/ 26 倍，给予公司“增持”评级。   
    【风险提示】   
    技术开发进度不及预期；   
    网络信息安全风险；   
    国际贸易波动风险。"
海康威视(002415)：一季度维持高景气 创新业务成长迅速,公司,光大证券股份有限公司,刘凯/石崎良,2021-04-20,"事件：公司发布2020 年报，全年实现营业收入635 亿元，同比增长10%；归属于母公司股东净利润133 亿元，同比增长7.8%；符合预期。同时公告21 年一季度收入139 亿元，同比增长48%；归母净利润21 亿元，同比增长45%；略超预期。   
　　21Q1 维持高景气。一季度高增速有20Q1 低基数因素影响，但如果同比19Q1测算，则收入复合增速18.6%，利润复合增速18.8%，仍然较为可观。   
　　疫情影响20H1，下半年三大事业群均恢复正增长。20H1 受疫情影响，三大事业群中PBG 和SMBG 收入均出现下滑。下半年随着疫情后复工复产，三大事业群收入均恢复正增长，其中PBG 全年收入同比增长4.6%，EBG 同比增长20.6%，SMBG 同比增长3.5%。   
　　综合毛利率水平有所提升。2020 年公司前端产品收入增速放缓至6%，毛利率提升3.53pct；后端产品收入下滑了8%，毛利率下降1.24pct；中心控制产品收入增速15%，毛利率下滑6.45pct；而工程施工业务收入增速达48%，毛利率下降6.51pct。创新业务收入同比增长39%，继续维持高增速，毛利率同比提升0.62pct。由于收入占比最高的前端产品毛利率提升，最终综合毛利率水平同比提升了0.54pct。   
　　现金流大幅改善，继续保持研发投入。2020 年公司实现经营性现金流量净额160亿元，同比提升107%，大幅改善。公司加大费用管控和优化，推进内部运营改善，管控效果良好，销售费用率下降了0.97pct，管理费用率下降0.34pct。研发投入继续保持，研发费用同比上升16%。   
　　创新业务维持高增长，萤石网络发展迅速。创新业务方面，智能家居业务收入29 亿元，同比增长12.6%；机器人业务收入13 亿元，同比增长66.9%，其他创新业务收入19 亿元，同比增长83.5%。截至2020 年底，萤石物联云平台全球接入设备近亿台，平台注册用户超过7,000 万，月活跃用户数量超过2500 万，日活跃用户数量过千万。   
　　维持“买入”评级：考虑到PBG 业务增速的放缓，下调21~22 年净利润预测由159/190 亿元至150/178 亿元，调整幅度-6%/-6%，预测23 年净利润210 亿元，对应PE 38X/32X/27X。我们持续看好公司作为全球安防龙头的市场前景，以及创新业务的成长潜力，维持“买入”评级。   
　　风险提示：政府投资周期性波动，中美贸易摩擦，互联网企业介入。"
海康威视(002415)：2020年业绩再创新高 创新业务打开成长空间,公司,诚通证券股份有限公司,马笑,2021-04-20,"2020 年业绩再创新高，EBG 事业群增速亮眼公司发布2020 年年报和2021 年一季报：2020 年，实现营收635.03 亿元，同比增长10.14%，归母净利润133.86 亿元，同比增长7.82%，再创新高。2021Q1，实现营收139.88 亿元，同比增长48.36%，归母净利润21.69 亿元，同比增长44.99%，增速环比持续提升。2020 年，国内市场营收458.07 亿元，同比增长10.59%，其中PBG/EBG/SMGB 事业群收入分为163.04/151.80/96.83 亿元，增速分为4.61%/20.56%/3.50%，国外市场营收176.97 亿元，同比增长8.98%。   
　　费用控制效果显著，经营净现金流同增107%   
　　2020 年，公司毛利率为 46.53%，同比增长0.54pct，主要受益于热成像测温产品拉动；销售费用率/管理费用率分为11.62%/2.82%，同比-0.97/-0.34pct，费用管控效果显著。公司坚持技术创新驱动，以物联感知、人工智能、大数据为核心的技术体系不断完善，2020 年，公司研发费用率为10.04%，占比持续提升。此外，2020 年，受积极回款和红外测温等产品良好的付款条件影响，公司实现经营活动净现金流160.88 亿元，同比增长107.12%，亦创新高。   
　　平台产品持续升级，发布AI 开放平台2.0   
　　公司持续推进硬件产品向HEOP 平台迁移，通过HEOP 统一硬件设备的软件基础，支持软件升级改变硬件功能，并可集成外部算法，大幅提升开发效率，同时强化公司平台属性。此外，公司AI 开放平台不断升级，2021 年3 月30日，公司推出AI 开放平台2.0，在全面感知、自主进化、认知计算三方面进行更新升级，覆盖红外等多光谱，持续向认知智能发展。目前，AI 平台已有注册用户超2,000 家，形成行业模型15000 个，应用产业超100 个。   
　　创新业务持续高增，拟将萤石分拆上市   
　　2020 年，公司智能家居/机器人/其他创新业务营收分为29.19/13.59/18.91 亿元，同比+12.60%/+66.91%/+83.49%，创新业务收入占总营收比为9.71%，同比增长2.01pct。2021 年1 月，公司发布公告拟将萤石分拆上市，萤石已逐步形成 “云平台服务+智能家居”的双主业格局，截至2020 年底，萤石物联云平台全球接入设备近亿台，注册用户超过7000 万，MAU 超过2500 万。   
　　投资建议：看好安防龙头长期发展空间，上调至“强烈推荐”评级公司是智慧安防产业龙头，不断拓宽业务边界，技术实力稳步提升，各业务线发展向好。预计2021-2023 年归母净利润为163.27、191.89、221.88 亿元，对应PE 为32.6、27.8 和24.0 倍，上调至“强烈推荐”评级。   
　　风险提示：创新不及预期，市场竞争加剧，宏观环境不确定性增强等"
海康威视(002415)：2020年逐季恢复 21Q1业绩表现好于预期,公司,群益证券(香港)有限公司,王睿哲,2021-04-20,"结论及建议：   
　　2020 年业绩：公司2020 年实现营收635.0 亿，YOY+10.1%，录得归母净利润133.9 亿元，YOY+7.8%(扣非后YOY+6.4%)，公司业绩基本符合预期。   
　　分季度来看，2020 年Q1、Q2、Q3、Q4 分别实现营收94.3 亿元、148.4亿元、177.5 亿元、214.8 亿元，分别YOY-5.2%、+6.2%、+11.5%、+20.6%，分别录得净利润15.0 亿元、31.3 亿元、38.2 亿元、49.5 亿元，分别YOY-2.6%、+16.7%、+0.1%、+12.8%，整体来看，营收逐季恢复，净利虽有波动，但也处于不断恢复中。此外，经营性现金流净额16.9 亿元，同比增长一倍，经营有量也有质。公司同时发布分红预案，拟每10 股派发现金红利8 元（含税），股息率1.4%。   
　　EBG 保持增长，PEG、SMBG 业务20H2 开始恢复，创新业务继续保持高增长：（1） 2020 年公司国内收入同比增长10.6%，其中公共服务事业群PBG 收入163.0 亿元，YOY+4.6%；企事业事业群EBG 收入151.8 亿元，YOY+ 20.6%；中小企业事业群SMBG 收入96.8 亿元， YOY+3.50%。PBG和SMBG 受疫情影响较为直接，而大中企业抗风险能力较强且数字化意愿较高，EBG 增速较好，但随着疫情的控制，2020H2 公共服务事业及中小企业事业群的业务也有所恢复。（2）创新业务方面，智能家居业务实现营收29.2 亿元，YOY+12.6%,机器人业务营收13.6 亿元，YOY+66.9%,其他创新业务营收18.9 亿元，YOY+83.9%。2020 年公司海外收入同比增长9%，在海外疫情反复的情况下，公司仍实现了较好的销售增长。   
　　毛利率提升，维持高库存策略应对供应链压力，费用端整体控制较好：   
　　（1）公司2020 年综合毛利率为46.5%，同比提升0.5 个百分点，主要是抗疫对高毛利的热成像产品需求拉动所致，目前供应链整体面对产能不足的压力，公司继续保持高库存战略，影响较小。（2）费用端来看，公司对费用加强管控，销售费用率同比下降1 个百分点至11.6%，管理费用率同比下降0.3 个百分点至2.8%，研发端继续保持较高投入，研发费用率同比增加0.5 个百分点至10.0%，受汇率波动影响，财务费用率同比增加1.7 个百分点至0.6%。   
　　20201Q1 年业绩表现好于预期：公司同时发布2021 年1 季报，21Q1 实现营收140 亿元，YOY+48.4%,录得净利润21.7 亿元，YOY+44.9%，增速均好于我们的预期。高增长一方面是20Q1 基期不高，另外一方面是国内疫情控制较好，各项业务均实现较好恢复。毛利率为46.8%，同比下降0.6 个百分点，降幅较小，芯片高库存战略及产品结构优化使得公司毛利方面受产业链影响较小。此外公司延续费用管控，期间费用率为27%，同比下降2 个百分点。   
　　短期看疫情后复苏需求，中长期看好多维感知技术、人工智能及数字化转型需求：目前国内逐渐摆脱疫情影响，海外疫情防控常态化，多国实施疫苗接种，国内外经营环境整体较为稳定，将有利于公司开展业务；从中长期来看，多维感知技术的发展、人工智能技术加速落地、大数据技术应用及智慧城市和企业数字化转型的需求不断释放，公司多年在研发端的积淀将为公司未来带来较强的竞争优势，我们看好公司的中长期发展。   
　　盈利预期：我们预计公司2021 年、2022 年分别实现净利润151.8 亿元、170.3 亿元，YOY 分别+13.4%、+12.2%，EPS 分别为1.42 元和1.6 元，当前股价对应动态PE 分别为35X、31X，考虑公司业绩恢复以及未来的中长期发展，我们维持“买进”的投资建议。   
　　风险提示：政府及企业的投资恢复不如预期；原材料涨价；贸易摩擦加剧的影响"
海康威视(002415)：业绩增速、报表质量、业务进展全面超预期！,公司,上海申银万国证券研究所有限公司,施鑫展/洪依真/骆思远/刘洋,2021-04-20,"投资要点：   
　　公司披露 2020 年报及 2021 一季报：1）2020 全年：营收 635.0 亿（同比+10.1%），归母净利润 133.9 亿（同比+7.8%）；2）20Q4 单季：营收 214.8 亿（同比+20.6%），归母净利润 49.5 亿（同比+12.8%）；估算 Q4 单季汇兑损失约 4.4 亿，加回后利润实际增长约 20%；3）21Q1 单季：营收 139.9 亿（同比+48.4%），归母净利润 21.7 亿（同比+45.0%），大超预期（我们在业绩前瞻中预计 21Q1 收入+26%，净利润+23%）。   
　　全面分析报表质量，超预期的不仅是收入和利润：   
　　1）现金流创历史最佳：2020 年经营性净现金流 160.9 亿（同比+107%），年度“经营性净现金流/归母净利润”比值达到 1.2，为历史最高水平。21Q1 经营性净现金流-20.2亿元，相比 20Q1 的-39.8 亿大幅提升，也为近 5 年来最佳水平。   
　　2）上行的毛利率再次证明软化进展：21Q1 毛利率达到 46.8%，比过去 5 年同期均值高2.4pct，证明软化和 AI 赋能业务进展顺利。后续原材料和劳动力成本存在上行压力，但我们预判：a）高附加值业务持续扩大占比；b）公司能向下游客户传导成本压力；c）供应链紧张和智能化提升加速行业头部集中，竞争趋缓。以上因素将驱动毛利率稳中有升。   
　　3）统一软件/硬件平 台后人效提升：20Q3/Q4 职工薪酬为 26.3/31.0 亿元，同比+2.4/9.1%，增速均显著低于当季度的收入/实际利润增速，人均创收和创利上行。统一软件架构、海康合浦（HEOP）分别从软件、硬件层面提升开发效率。21Q1 薪酬同比增长40.5%，在收入、利润高增的背景下薪酬同步加速。   
　　4）PBG/SMBG 在 20H2 强势恢复，预计 EBG 未来增速中枢 25%。公司基于在可见光、毫米波、远红外、X 光、声波领域的五条技术主线，构成多维感知技术的主架构，助力开拓更多业务领域，构建开放合作生态，服务于各个 BG 客户。   
　　5）八大创新业务落地开花：目前创新业务阵营包括萤石网络、海康机器人、海康汽车电子、海康微影、海康智慧存储、海康消防、海康睿影、海康慧影等八个子业务，通过与母公司的技术、渠道、客户共享，以及上下游协同，实现加速成长。其中重点关注机器人业务高增；21Q1 少数股东损益达到 2.65 亿元，也证明了创新业务盈利能力大幅提升。   
　　上调盈利预测，维持“买入”评级。公司 2020 年已进入新一轮增长曲线的“超级拐点”，2021 起有望持续兑现高成长；公司明确未来三年发展机遇期，加强投入的同时有望获得更快速的收入提升。上调 2021-2022 年盈利预测至 170.2/210.6 亿元（原预测值为168.1/208.8 亿元），增加 2023 年归母净利润预测 256.2 亿元，对应 PE 分别为 31/25/21倍，维持“买入”评级。   
　　风险提示：外部环境尤其海外市场存在不确定性，宏观经济波动对需求端的影响，人员增长与收入错配对短期业绩的扰动。"
海康威视(002415)2020年报&2021一季报点评：一季报大超预期 数字化转型带动EBG成增长主力,公司,西部证券股份有限公司,兰飞,2021-04-20,"事件：公司2020年实现营收635.03亿元，同比10.14%；实现归母净利润133.86亿元，同比7.82%。2021Q1实现营收139.88亿元，同比48.36%，归母净利润21.69亿元，同比44.99%。   
　　2020年业绩符合预期，2021Q1大超预期。受疫情影响，公司2020年业绩逐季回暖，全年业绩符合预期。2021Q1营收和利润大超市场预期（市场预计增速30%左右），主要由于国内、海外经济及需求恢复超预期和20Q1国内受疫情影响，基数较低因素导致。   
　　产品从可见光拓展到到全波长，EBG成为增长主力。公司布局拓展可见光、毫米波、远红外、X光、声波领域的五条技术主线，构建产品多维感知架构，打开更广阔增长空间。EBG成为主要增长动力，同比20.56%，显著强于整体增速10.1%，占比已提升至36.87%。PBG和SMBG自2020H2以来顺周期恢复明显。研发增长迅速，从2017年7.62%增长到2020年10.04%。毛利率从2019年45.99%提升到2021Q1的46.82%，进一步巩固行业领先地位。创新业务2020年已占总营收9.71%，成为公司新驱动力。软硬融合、云边融合、物信融合等平台有效提升企业运营效率。   
　　展望全年增速显著快于2020年，季度变化预计前高后低。国内和海外先后从疫情恢复，带动全年需求快速增长。且疫情加速企业数字化转型，AI渗透率提升和大数据平台持续打开更大市场空间。考虑到去年基数效应，我们预计21年季度增速变化前高后低，但整体增速仍显著快于20年。   
　　投资建议：基于2021Q1业绩超预期，我们上调公司2021-2023年营收为764.14/900.38/1050.84亿元，上调归母净利为163.33/195.96/233.03亿元，维持“买入”评级。   
　　风险提示：下游需求、安防AI推进不及预期、中美贸易摩擦加剧。"
海康威视(002415)：软硬融合、云边融合 全方位备战IOT,公司,华泰证券股份有限公司,胡剑/刘叶,2021-04-20,"20 年营收净利稳健增长，业务开拓成本持续边际改善，维持买入评级海康2020 年实现营收635.03 亿元(YoY:10.14%)；归母净利润133.86 亿元(YoY:7.82%)，略低于我们此前预期的134.28 亿元；扣非归母净利润128.06亿元(YoY:6.38%)；公司在业务开拓过程中持续优化运营，以技术工具的可复用性降低业务开拓边际成本，毛利率46.53%，连续五年提升。1Q21 海康营收139.88 亿元(YoY:48.36%)；归母净利润21.69 亿元(YoY:44.99%)；扣非归母净利润20.22 亿元（YoY:37.64%）。海康软硬融合、云边融合，我们预计21/22/23 年EPS 为1.79/2.15/2.55 元，目标价66.98 元，维持买入。   
　　数字化转型方案加速落地，EBG 业务表现亮眼，创新业务维持高增长2H20 海康PBG 营收103.36 亿元(YoY: 11.22%)，较1H20(YoY:-5.16%)明显提速，受益于“数智底座”在智慧城市多元化应用场景中持续赋能；2H20EBG 营收92.66 亿元(YoY:20.82%)，疫情冲击下传统行业数字化升级需求凸显，海康依托智能物联和物信融合打造的数字企业解决方案在各行业加速落地；2H20 SMBG 营收66.83 亿元(YoY:27.25%)，较1H20(YoY: -26.90%)明显提速，受益于海康互联、云商两大平台构成的泛安防产业互联网高效覆盖中小企业客户，精准满足碎片化需求。创新业务维持高增长，机器人营收13.59 亿元(YoY:66.91%)，其他创新业务营收18.91 亿元(YoY:83.59%)。   
　　研发投入强化技术储备优势，软硬件研发进入互相支持、高效循环迭代期根据年报，海康基于已经掌握的非制冷红外热成像传感器技术、MEMS 及封装制程开发、高真空封装等传感器端的技术优势，继续推进在可见光、远红外、毫米波、X 光、声波等领域技术积累，加速多探测器技术的融合应用。   
　　为加速AIoT 平台构建，海康最新提出统一的软件研发开放平台HEOP 并为各类设备统一接口规范，有望大幅提高开发效率并实现大规模智能物联网构建；AI 开放平台一站式算法训练服务持续完善， 20 年为用户训练的智能算法超15,000 个；云眸作为大连锁行业SaaS 服务领导者服务用户数和接入设备数在20 年显著增长，云眸开发者服务平台用户目前已超2,000 家。   
　　向生态平台转型中有望随AIoT、5G 应用落地加速而受益，维持买入评级由于海康在基于物联感知业务的“平台型”战略定位下，持续打造软硬件体系、构建开放生态平台，我们认为未来公司可实现多板块高速发展以及体现平台协同效应，预计21/22/23 年归母净利润为166.88/201.28/238.01 亿元（21/22 年前值：156.98/182.99 亿元）。参考可比公司Wind 一致预期均值2021 年37.45 倍PE 估值，我们给予公司2021 年37.5 倍预期PE，目标价66.98 元（前值：55.43 元），维持买入评级。   
　　风险提示：国内外宏观风险；海外竞争加剧；智能化产品推进不及预期。"
海康威视(002415)：Q1业绩超预期 PBG/SMBG增速显著修复,公司,广发证券股份有限公司,许兴军/王亮/王昭光,2021-04-19,"公司发布年报一季报，Q1 业绩优于预期。公司2020 全年实现营收635.03 亿元，同比增长10.1%，实现归母净利润133.86 亿元，同比增长7.8%，受新冠疫情影响整体业绩增速相较2019 年有所放缓。   
　　2020Q1 公司实现营收139.88 亿元，同比大幅增长48.4%，实现归母净利润21.69 亿元，同比大幅增长45.0%，延续了自2Q20 以来的逐季度增速向上的趋势，并且得益于19Q1 和20Q1 连续两年的低基数效应，实现同比大幅增长，增速显著超出市场预期。   
　　国内EBG 表现亮眼，海外业务继续显现韧性。2020 全年公司国内业务收入同比增长10.6%，其中EBG 增速达到20.6%，表现亮眼，占比已经达到33%，PBG/SMBG 全年增速分别为4.6%/3.5%。边际上看，PBG/SMBG 在2H20 增速已经明显修复，分别为11.2%/27.2%，EBG上下半年增速基本一致。2020 年公司海外业务收入同比增长9.0%，在全球新冠疫情影响、中美贸易摩擦、美国制裁的影响下仍实现稳定增长，业务韧性继续显现。   
　　毛利率继续提升，费用率下降趋势显现。2020 全年公司实现毛利率46.5%，相较于2019 年提升0.5pcts，主要得益于上半年红外热成像产品销售对毛利率的拉动，21Q1 公司实现毛利率46.8%，环比2H20(44.5%)明显提升，我们认为主要得益于汇率波动收窄以及上下游缺货涨价传导带动。2020 全年公司全年人员增幅不到6%，全年整体期间费用率同比微幅下降，人效显著提升。   
　　维持“买入”评级。预计公司2021 年EPS 为1.85 元。参考可比公司估值，公司作为行业龙头，经营稳健，核心竞争力突出，给予公司2021年35x PE，合理价值64.78 元/股。   
　　风险提示。新冠病毒影响，中美贸易摩擦影响等。"
海康威视(002415)：21Q1业绩超预期 加码创新把握三年机遇期,公司,招商证券股份有限公司,鄢凡/张益敏,2021-04-19,"事件：   
　　公司发布2020 年年报和2021 年一季报：2020 年营收635.03 亿元，同比+10.14%，归母净利133.86 亿元（业绩快报值134.02 亿元），同比+7.82%，每10 股派现金红利8 元（含税）；2021Q1 营收139.88 亿元，同比+48.36%，归母净利21.69 亿元，同比+44.99%。点评如下：   
　　评论：   
　　1、全年逆势增长、21Q1 超预期，主因需求疫后复苏和EBG 事业群拉动。   
　　20Q4 单季度收入214.82 亿元，同比+20.56%环比+21.03%；2020Q4 归母净利润49.47 亿元，同比+12.74%环比+29.67%。2020 年新冠疫情对下游需求和公司经营策略产生影响，上半年疫情导致PBG 和SMBG 需求萎缩，但公司依托海康微影自研热成像芯片的优势快速推出人体测温产品，海康睿影通过热成像与X 光的融合应用快速推出测温型人体安检机，实现增收同时也为防疫抗疫增加科技助力，另一方面，EBG 企业级数字化需求在疫情下逆势走强并贯穿全年，为公司全年业绩增长带来核心动力。此外，公司全年汇兑损失9.3 亿、去年同期得利1.8亿元，对业绩产生较大影响。2021Q1 单季度收入139.88 亿元，同比+48.35%环比-34.89%。2021Q1 归母净利润21.69 亿元，同比+44.99%环比-56.16%。公司分析目前虽是行业淡季，但下游政府和小微企业需求疫后复苏，且中大企业数字化需求仍延续，带来一季度业绩创历史新高表现。   
　　利润率方面，2020 年全年毛利率46.53%，同比+0.54 个pct，净利率21.54%，同比-0.08 个pct，其中20Q4 单季度毛利率44.20%，同比-0.79 个pct 环比-0.72个pct。去年毛利率前高后低，因上半年测温产品毛利率较高，且下半年美元贬值、元器件&材料涨价对毛利率有一定影响。2021Q1 毛利率46.82%，同比-0.54 个pct 环比+2.62 个pct。一季度利润率整体好于预期，政府端和小微企业端需求的复苏减小了测温产品占比下降的影响。   
　　产销量方面，2020 年公司视频产品及视频服务生产量1.38 亿台/件，同比-6.67%，销售量1.39 亿台/件，同比-1.80%。   
　　2、把握企业数字化转型需求释放机遇，政府端及中小企业端亦企稳回升。   
　　分业务来看，2020 年全年前端产品营收288.41 亿元，同比+6.13%，毛利率55.63%，同比+3.53 个pcts；后端产品营收68.67 亿元，同比-8.68%，毛利率49.56%，同比-1.24 个pcts；中心控制产品营收101.46 亿元，同比+15%，毛利率44.93%，同比-6.45 个pct。前端产品毛利率增长得益于红外测温产品的高景气度。而由于汇率变动和上游材料缺货涨价，中心控制和后端产品毛利率承压。   
　　分地区来看，2020 年全年国内实现营收458.07 亿元，同比+10.59%，国外实现营收176.97 亿元，同比+8.98%。海外方面，尽管疫情严峻，但公司员工均驻守海外一线，海外营收仍实现稳健增长   
　　国内分事业群来看，公共服务事业群（PBG）营收163.04 亿元，同比+4.61%。企事业事业群（EBG）全年实现营收151.80 亿元，同比+20.56%，中小企业事业群（SMBG）全年实现96.83 亿元，同比+3.50%。EBG 逆势增长实现较高营收增速，PBG/SMBG小幅增长，主因：1）大中型企业抗风险能力较强，且覆盖行业较多、不同行业受疫情影响程度不同，疫情下企业数字化转型需求仍然旺盛；2）公司提供的解决方案开始为客户创造更多价值、形成正循环：基于AI Cloud 架构，打造全面感知产品体系，依托AI 开放平台筑实AI 工程化创新与交付能力，打造低代码软件引擎，构建数字世界UI，深化企业级SaaS 服务。海康威视聚焦用户价值，发布价值交付方法论，并在煤矿冶金、商业地产、制造企业、烟酒盐、物流、零售连锁、教育教学等多个行业用户中实践落地；3）PBG 和SMBG 受疫情影响较为直接，上半年营收受到较大影响，但下半年疫情恢复，PBG 和SMBG 营收恢复增长，实现全年正增长。   
　　创新业务方面，2020年全年，创新业务营收61.68亿元，同比+39.03%，毛利率37.30%，同比+0.62 个pct。其中智能家居业务实现营收29.19 亿元，同比+12.60%，毛利率39.28%，同比+0.03 个pct；机器人业务实现营收13.59 亿元，同比+66.91%，毛利率48.21%，同比-5.09 个pcts；其他创新业务（包括海康汽车技术、海康微影、海康存储、海康慧影、海康消防、海康安检等）实现营收18.91 亿元，同比+83.49%，毛利率26.41%，同比+9.30 个pcts。2020 年创新业务在公司营收中的占比为9.71%（2018/2019 年创新业务整体占比分别为7.70%/5.62%），公司致力创新业务发展，未来预计创新业务占比将持续提升。   
　　3、稳健应对上游缺货涨价压力，加大投入迎接未来三年发展机遇期。   
　　上游来看，21 年上半年全球半导体产能不足、出现供货紧张，而企业为应对上游压力采取加大原材料库存策略进一步加剧缺货情况，公司预计芯片短缺的局面短期内难以缓解。为此公司将延续高库存战略，以此平滑供货紧张带来的业务波动。目前元器件及材料缺货涨价可能导致公司今年经营成本上升，但整体影响可控，且近几年在外部禁运压力下，公司已逐步完善供应商和自研体系。需求端来看，虽然疫情有反复但随着疫苗进一步落地，海外市场将逐步恢复，国内政府端虽然月度招/中标数据增速亦望有所恢复，中小企业客户在经历了去年的疫情压力后今年订单也有望同比提升，而企业级数字化转型趋势对公司的业务拉动也将延续。因此我们认为公司21 年新动能助力、旧动能恢复下各业务整体有望维持稳健增长。   
　　长期来看，AI 下游应用非常广泛，近年来AI 算法成本逐年降低，AI 正在渗透进入更多应用场景，智慧城市（PBG）、企业数字化转型（EBG）、产业互联网（SMBG）等领域的进展将持续带动AI 发展。公司亦表示未来三年将是公司发展的机遇期，公司将持续加大投入，优化内部运营管理，提升运营效率，继续大力支持下游智能化变革，为其缩短管理距离、提升业务效率、加强规范作业、降低安全隐患等需求提供解决方案。   
　　为应对安防行业视频物联等变革趋势， 近年来公司研发费用占比不断提升，2020/2019/2018 年研发费用占比分别为10.04%/9.51%/8.99%。公司将坚持技术创新驱动，尤其致力统一软件架构、SAAS 业务和创新业务等的研发，未来有望贡献稳定增量，长期发展空间可期。   
　　4、投资建议。   
　　我们认为今年海外、国内政府端和小微企业需求有望疫后恢复，而企业级数字化转型需求仍望延续。公司亦指出将加大创新把握未来三年发展机遇期。我们预估2021-2023年营收749/862/974 亿，归母净利润157.0/180.9/203.0 亿，对应EPS 为1.68/1.94/2.17元，对应当前股价PE 为33.9/29.5/26.2 倍。维持“强烈推荐-A”投资评级，目标价63元，对应2022 年预测EPS 的32.5 倍。   
　　风险提示：下游需求低于预期，应用创新低于预期，贸易摩擦风险。"
海康威视(002415)年报点评：强化技术创新 开放生态赋能体系全面形成,公司,平安证券股份有限公司,付强/徐勇,2021-04-19,"投资要点   
　　事项：   
　　公司公布2020年年报，2020年公司实现营收635.03亿元（10.14% YoY），归属上市公司股东净利润133.85亿元（7.82% YoY）。公司拟向全体股东每10股派发现金红利8元（含税）。   
　　平安观点：   
　　业绩符合预期，安防龙头地位稳固：2020 年公司实现营收635.03 亿元（10.14% YoY），归属上市公司股东净利润133.85 亿元（7.82% YoY）。   
　　2020 年公司整体毛利率和净利率分别是46.53%（0.54pct YoY）和21.54%（-0.08pct YoY），毛利率略有提升主要是2020 年上半年热成像测温产品的销售，公司业绩符合预期。按照事业群来看：公共服务事业群PBG营收是163.04 亿元，同比增长4.61%；企事业事业群EBG的收入是151.80亿元，同比增长20.56%；中小企业事业群SMBG 收入96.83 亿元，同比增长3.50%。PBG 和SMBG 受疫情影响较为直接，EBG 业务（主要是大中型企业）受疫情影响相对较小，大中型企业抗风险能力也相对较强，企业的数字化转型需求仍然表现得较为旺盛，因此EBG 保持相对较高增速。   
　　分业务来看：前端产品、后端产品、中心控制产品和建造工程的营收分别为288.41 亿元（6.13% YoY）、68.67 亿元（-8.68% YoY）、101.46 亿元（15% YoY）和16.14 亿元（47.90% YoY），营收占比分别为45.42%、10.81%、15.98%和2.54%，毛利率分别为55.63%（3.53pct YoY）、49.56%（-1.24pct YoY）、44.93%（-6.45pct YoY）和16.15%（-6.51pct YoY）。   
　　费用端：2020 年公司财务费用率、销售费用率、管理费用率和研发费用率分别为0.62%（1.73pct YoY，主要是2020 年人民币较美金出现显著升值，全年汇兑损失约8.87 亿元）、11.62%（-0.97pct YoY）、2.82%（-0.34pctYoY）和10.04%（+0.53pct YoY）。在硬件产品方面，公司继续加强感知技术的研究，继续提升产品系统的设计能力；依托AI、云计算等技术，升级产品包解决方案，打造产品综合竞争力。   
　　强化技术创新，开放生态赋能体系全面形成：技术创新是公司生存和发展的最主要经营手段。为了应对各种挑战，也为了迎接新的机遇，公司研发费用率从2017 年的7.62%提高到2018 年的8.99%，到2019 年的9.51%，到2020 年的10.04%。同时，公司加快了向大数据业务的拓展，也加快了创新业务的发展，为了应对挑战，还启动了萤石网络分拆上市的工作。公司可提供包括设备、平台、数据和应用的全面开放能力，为行业应用开发者提供全方位的支持。公司的一体化运维服务平台，提供设备探针，支持第三方感知设备的接入；另外，物信融合数据资源平台，在已提供主流数据接入方式的同时，支持对第三方数据存储管理系统或数据格式的接入；提供的物联数据治理工具支持对多厂商、多类型物联设备的要素治理和点位布建评价；数据服务接口为业务应用的开发提供支撑。   
　　AI 引领安防智能化变革，公司继续推进创新业务发展：在安防智能化升级趋势下，产业的核心竞争力逐步转变为技术架构以及解决方案的落地能力，拥有深厚技术实力的企业将保持与行业变革同步，技术投入薄弱的小公司进一步淘汰，行业门槛提高，使得产业集中度有望进一步提升，行业格局持续优化。同时，随着人工智能技术的发展，计算机对视频图像的处理技术，将极大的增加视频监控的使用效率和大数据价值的利用率，摄像机采集图像的功能将不再受限于安全防范目的。因此，“人工智能+ 安防”在帮助客户提升业务效率的同时，也极大程度地拓展了视频技术实现业务管理需求的市场空间。在数据为王的背景下，公司拥有巨量数据资源将在安防智能化变革中拥有绝对天然优势。另外，公司在萤石业务和海康机器人业务盈利，海康汽车电子、海康存储等其他创新业务都对目标市场进行了较大的投入和推动，未来有望和主业形成合力。   
　　投资建议：公司是全球领先的安防监控产品及内容服务提供商，产品及服务已实现视频监控系统所有主要设备的全覆盖；同时，公司海外市场拓展稳步前行，创新业务渐入佳境将为业绩的稳步增长增添动力。我们维持公司21/22 年盈利预测不变，新增23 年盈利预测。预计公司2021-2023 年归母净利润分别为152.45/175.90/201.03 亿元，对应PE 为35/30/27 倍，维持公司“推荐”评级。   
　　风险提示：1）技术更替风险：随着云计算、大数据、人工智能等技术的不断演进，行业业务和应用需求可能会随之演变。如果不能密切跟踪行业前沿技术的更新和变化，公司未来发展的不确定性将会加大；2）汇率波动风险：公司在海外市场多个不同币种的国家和地区开展经营，汇率风险主要来自以非人民币（美元为主）结算的销售、采购以及融资产生的外币敞口及其汇率波动，可能会影响公司的盈利水平。3）全球市场开拓风险：公司业务覆盖全球 150 多个国家和地区，如果业务开展所在国出现贸易保护、债务问题、政治冲突等情况，可能对公司的业务发展产生不利影响。"
海康威视(002415)2020年年报及2021年一季报点评：一季报超预期 人工智能加速落地,公司,国元证券股份有限公司,耿军军,2021-04-19,"公司于2021 年4 月16 日晚发布《2020 年年度报告》及《2021 年第一季度报告》。   
　　点评：   
    公司全年稳健经营，持续加大研发投入，积极回款现金流表现优异2020 年，公司实现营业总收入635.03 亿元，同比增长10.14%；实现归母净利润133.86 亿元，同比增长7.82%。2020 年，面对疫情冲击，公司保持稳健经营：毛利率方面，整体毛利率为46.53%，同比提升0.54pct；费用方面，为应对疫情冲击，公司全年适度控费，员工人数仅增长5.65%，未来三年将继续加大投入以紧抓发展机遇；现金流方面，全年经营性现金流净额为160.88 亿元，同比大幅增长107.12%，主要得益于公司积极回款；存货方面，面对海外政治与疫情带来的不确定性，公司延续原材料高库存策略，必要的物料替代工作稳步推进；研发投入方面，公司坚持以技术创新为驱动，研发费用占比持续提高，2017-2020 年分别为7.62%、8.99%、9.51%和10.04%。   
    PBG/SMBG 下半年回暖，EBG 需求旺盛快速增长，创新业务高速发展分业务来看：2020 年，PBG 营收163.04 亿元，同比增长4.61%；SMBG 营收96.83 亿元，同比增长3.50%。PBG 和SMBG 受疫情影响较为直接，上半年承压，下半年恢复明显并实现增长。EBG 营收151.80 亿元，同比增长20.56%，主要由于覆盖行业较多，大中型企业抗风险能力较强，企业数字化转型需求旺盛。分地区来看：2020 年，境内营收458.07 亿元，同比增长10.59%；境外营收176.97 亿元，同比增长8.98%。创新业务方面：2020 年，智能家居业务营收29.19 亿元，同比增长12.60%；机器人业务营收13.59 亿元，同比增长66.91%；其他创新业务营收18.91 亿元，同比增长83.49%。   
　　创新业务全年营收占总营收比例达9.71%，未来占比有望继续提升。   
    公司一季度营收与归母净利润均实现40%以上增长，超市场预期2021 年一季度，公司实现营业总收入139.88 亿元，同比增长48.36%；实现归母净利润21.69 亿元，同比增长44.99%。我们认为，当前国内经济正在逐步摆脱疫情影响，海外疫情防控常态化，国内外经营环境趋于稳定，政府市场景气度逐步回暖，企业端智能化改造需求持续释放，有利于公司业务开展。   
    投资建议与盈利预测   
　　公司面向全球用户提供以视频为核心的智能物联网解决方案和大数据服务，在技术、产品与解决方案等方面拥有全面优势，未来成长空间较为广阔。预测公司2021-2023 年营业收入为741.40、862.93、994.07 亿元，归母净利润为154.55、178.02、202.24 亿元，EPS 为1.65、1.91、2.16 元/股，对应PE 为34.48、29.93、      26.35 倍。考虑到：EBG 业务产业空间较大，且保持较快成长；创新业务快速发展，萤石网络分拆上市；公司过去五年PE 主要运行在20-45 倍等因素，上调公司2021 年的目标PE 至45 倍，对应目标价为74.25 元。   
　　维持“买入”评级。   
    风险提示   
　　新冠肺炎疫情反复；企业数字化转型的需求释放不及预期；海外市场拓展不及预期；创新业务发展不及预期；行业竞争加剧等。"
海康威视(002415)：Q1同比大增 看好EBG放量,公司,民生证券股份有限公司,王芳,2021-04-19,"一、事件概述   
    2021/4/16 发布2020 年报、2021 一季报。2021Q1 实现营收140 亿，同增48%，归母净利润22 亿，同增45%。2020 年营收635 亿元，同增10%。2020 年归母净利润134 亿元，同增8%。   
	二、分析与判断   
    20H2 显示强大韧性，后疫情时代21Q1 同比大增2021Q1 营收140 亿，同增48%，归母净利润22 亿，同增45%。主要系去年产业链去库存、减少投资，而后疫情时代，产业链偏乐观，加大投资。   
    2020 年营收635 亿元，同增10%，其中20H1/20H2 分别同增1%/16%。2020 年归母净利润134 亿元，同增8%，其中20H1/20H2 分别同增10%/7%。其中2020 年：1）国内三大BG：PBG/EBG/SMBG 分别实现营收163/152/97 亿元，分别占40%/37%/23%，同增5%/21%/4%，其中20H1 分别同增-5%/20%/-27%，20H2 分别同增11%/21%/27%。   
    2）创新业务：智能家居（萤石）/机器人业务/其他分别实现营收29/14/19 亿元，同增13%/67%/83%，其中萤石启动分拆上市计划，为八大创新业务中首个。3）境外：实现营收177 亿元，在海外疫情下仍获得9%的同比增长。此外，为应对供应链安全，公司自2019 年起始终保持高库存，2019/2021Q1 末分别为113/133 亿元。始终坚持技术创新，研发费用率持续上升，2018-2020 分别为9.0%/9.5%/10.0%。   
    HEOP 平台实现软硬解耦，助推AIOT 行业走向标准公司始终以技术为本，本次的重大更新在于应用于边缘节点的“嵌入式设备开放平台HEOP”，其起到类似于电脑OS 的作用，开发者可基于该平台开发应用软件，本质是软硬件解耦，提高开发效率。我们认为，1）再此之前，海康已可实现算法可选择性地部署至AI 摄像机和超脑服务器，HEOP 的提出是过去模式的进一步清晰化，既是AIOT行业走向标准化的助推器，也是题中之义。2）竞争对手也提出过类似打法，但是海康优势在于：（1）更为全面、经济的硬件产品矩阵，适配不同场景；（2）从用户需求出发，庞大软硬件研发团队互为支持，软硬件适配度更高。   
    未来三年仍是发展机遇期，看好“树立标杆，横向复制”打法目前公司在环保、工业、农业、零售等子行业已树立近百个标杆项目，只待横向“复制”   
    铺开，我们认为未来三年仍是发展机遇期，公司仍将继续加大研发投入力度、量入为出的实现人员扩张。具体来看：   
    1）PBG：2021 年是“十四五”开局之年，在“新基建”政策带动下全年有望保持3%-5%的良好增长。2）EBG：持续深挖客户需求，引领大企业数字化转型，成长潜力大，预计未来增速20%以上。3）SMBG：强顺周期性，20H2 快速反弹，2021 年国内经济复苏有望延续高景气。   
	三、投资建议   
    预计公司21-23 年归母净利润166/190/218 亿元，对应估值32/28/24 倍，参考SW 电子2021/4/16 最新PE TTM 估值43 倍，我们认为公司低估，维持“推荐”评级。   
	四、风险提示：   
	中美贸易摩擦加剧，大客户出货量不及预期。"
海康威视(002415)：一季报业绩超预期 AI赋能长期受益,公司,华金证券股份有限公司,胡慧,2021-04-19,"投资要点   
　　事件： 公司发布2020 年报以及2021 年一季报，2020 年实现营业收入635.0 亿元，同比增长10.1%亿元，归属于上市公司股东的净利润为133.9 亿元，同比增长7.8%，每股净利润1.444 元，同比增长7.5%。2020 年利润分配预案为每10 股派发现金红利8 元（含税），不送红股，不以资本公积转增股本。2021 年一季度营业收入为139.9 亿元，同比增长48.4%，归属于上市公司股东的净利润为21.7 亿元，同比增长45.0%。   
　　EBG 收入规模强势增长，创新业务注入新动力： 2020 年在新冠疫情、中美争端的背景下，公司以技术创新作为生存和发展的最主要手段持续推进稳健经营，实现了10.1%的收入增长。2020 年企事业事业群（EBG）对收入的拉动作用最为显著，尽管新冠疫情存在负面影响，大企业得益于较好的抗风险能力对数字化转型的需求仍然旺盛，全年营收规模同比增长20.6%达151.8 亿元，逼近公共服务事业群（PBG）163.0 亿元的规模。尽管疫情对PBG 和SMBG（中小企业事业群）的影响较为直接，但下半年国内疫情影响弱化，PBG 和SMBG 业务恢复增长，全年营收分别同比增长4.6%和3.5%。公司目前创新业务阵营包括萤石网络、海康机器人、海康汽车电子、海康微影、海康智慧存储、海康消防、海康睿影、海康慧影等八个子业务，保持高速增长，2020 年收入同比增长39.0%，其中智能家居和机器人业务分别增长12.6%和66.9%，创新业务为公司可持续发展注入新动力。   
　　热成像产品拉升毛利率，研发投入持续加码： 2020 年毛利率为46.5%，同比提升0.5 个百分点，其中前端产品毛利率为55.6%，同比提升3.5 个百分点，主要系上半年热成像测温产品对毛利的拉动作用较大。2020 公司为应对疫情采取了较为保守的费用策略，控制人员增长和费用支出，取得了更好的人效。研发投入上，公司持续加码，一方面应对全球供应链不稳定带来的挑战，另一方面软硬件产品持续升级，不断完善技术体系实现以创新驱动成长。近5 年公司研发总投入超过200 亿，2020 年研发费用占收入比重达到10.0%，研发技术人员超过2 万，占公司总人数近50%。长期高强度的技术投入为公司业绩稳健发展提供了有力支撑。   
　　2021 年一季度业绩超预期，企业数字化转型势头正旺： 公司2021 年一季度业绩超预期增长，尽管当前为行业淡季，但疫情后各个事业群的需求恢复延续至今年一季度带来了“淡季不淡”的行情，公司预计未来几个季度会恢复至正常波动。当前，EBG 的数字化转型愈发迫切，需求保持高速增长，同时PBG 和SMBG 的需求在疫情影响弱化后恢复常规增长，公司三大事业群都将迎来不错的发展。   
　　原材料成本上涨毛利率短期波动，受益于AI 应用渗透：今年公司面临的主要风险来自于毛利率波动，当前各类原材料供应紧缺，且短时间内无法缓解，公司经营成本将承压，或带来毛利率水平的波动。从需求来看，三大事业群数字化转型仍将拉动公司收入增长，创新业务各类产品快速落地并表现出高增速，未来公司增长仍然可期。公司表示未来三年是发展的机遇期，将继续加大投入，同时继续优化内部管理，提升运营效率，以技术创新为驱动。我们认为，AI 算法成本逐年下降，公司正受益于AI 应用的渗透率下沉，是AI 赋能的长期受益者。   
　　投资建议：我们预测公司2021 年至2022 年每股收益分别为1.63、2.00 和2.40元。净资产收益率分别为24.6%、23.1% 和21.6%，维持买入-A 建议。   
　　风险提示：国内政府及大企业级客户订单落地不及预期；中小企业客户及海外市场需求恢复不及预期；创新业务及产品竞争影响盈利能力；上游材料涨价影响毛利。"
海康威视(002415)：一季度业绩靓丽 推出HEOP开放平台,公司,中信建投证券股份有限公司,刘双锋/雷鸣/孙芳芳,2021-04-19,"事件   
　　4 月16 日晚间，海康威视发布2020 年年度报告及2021 年一季度报告，2020 年净利润为133.86 亿元，同比增长7.82%；拟10 派8 元。第一季度报告实现营业收入139.88 亿元，同比增长48.36%；归属于上市公司股东的净利润21.69 亿元，同比增长44.99%。   
　　简评   
　　一、2020 全年EBG 增长最强劲，2021Q1 业绩实现超预期在去年疫情影响下，EBG 业务增长最强劲，而随着国内外疫情逐渐恢复，公司PBG 与SMBG 去年下半年实现快速增长，创新业务未来有望成为公司增长的重要驱动力，更是在2021Q1 公司业绩实现了超预期增长。1）2020 年国内收入同比增长10.59%达到458.07 亿元，其中公共服务事业群PBG 的收入是163.04 亿元，同比增长4.61%；企事业事业群EBG 的收入是151.80 亿元，同比增长20.56%；中小企业事业群SMBG 收入96.83 亿元，同比增长3.50%。PBG 和SMBG 受疫情影响较为直接，PBG 和SMBG在2020 年上半年的都承受了较大的压力。EBG 业务受疫情影响相对较小，主要归因于大中型企业抗风险能力也相对较强，企业的数字化转型需求仍然表现得较为旺盛，因此EBG 保持相对较高增速。2020 年下半年，国内的疫情得到较好的控制，PBG 和SMBG 也有了较大的恢复并实现增长，PBG 下半年实现11.22%增长；SMBG 在上半年出现超过20%下降情况下，下半年实现27.25%增长。2）2020 年海外收入同比增长8.98%至176.97 亿元，在海外疫情风险较大的情况下，公司海外收入能有不错的增长。   
　　3）创新业务发展方面，2020 年智能家居业务营收29.19 亿元，同比增长12.60%；机器人业务营收13.59 亿元，同比增长66.91%；其他创新业务营收18.91 亿元，同比增长83.49%。2020 年末创新业务占公司总营收9.71%，创新业务正在成为公司增长的重要驱动力。4）2021 年一季度，公司实现营业收入139.88 亿元，比上年同期上升48.36%；实现归属上市公司股东的净利润21.69 亿元，比上年同期上升44.99%。当前国内经济逐渐摆脱疫情影响，海外疫情防控常态化，国内外经营环境整体较为稳定，有利于开展业务。   
　　二、研发费用持续加入投入，毛利与费用剪刀差继续扩大2020 年底公司人数为42,685 人，较前一年底增加5.65%，去年研发人数和主要增长来自研发人员的扩充，期末研发人员人数为20597 人，同比增长8.04%达到1532 人，占总增加人数的67.13%，随着公司过去三年在AI 架构等加大投入，公司研发费用占比大幅提高，从2017 年的7.62%提高到2018 年的8.99%，2019 年的9.51%，到2020 年的10.04%，技术创新是海康威视生存和发展的主要经营手段。此外，年度薪酬同比增加14.86%, 较前一年薪酬同比下降8.11 个百分点，毛利率46.53%，较前一年增加0.54 百分点，2020 年较毛利率与总薪酬同比差前一年继续扩大，差值由23.02 个百分点扩大到31.67 个百分点，表明毛利与费用的剪刀差将带来净利润双击。   
　　三、估值体系重构，脱“硬”向“软”   
　　AI 赋能尽显成效，软件增加值占总毛利率及占营收比例持续提升，估值体系重构，从传统硬件估值逐步过渡到软件估值。公司先后推出“AI Cloud”、“智慧底座”，提出“云边融合”计算架构、“物信融合”数据架构，所有产品都基于统一架构，最大程度降低了不同系统之间打通带来的集成和协作成本。同时公司提出嵌入式设备开放平台（海康合浦），简称HEOP，支持算法或组件的容器化独立部署和灵活调度。目前，海康威视原有硬件产品正在逐步向HEOP 迁移，新产品全部基于HEOP 进行开发。通过这个统一的嵌入式软件平台，使海康威视所有类型的智能物联网设备具有相同的软件基础，屏蔽不同硬件开发和运行环境的差异，支持通过软件升级来改变硬件产品的功能，大幅提升开发效率。 同时，合作伙伴可以基于HEOP 快速地进行智能物联网设备智能应用功能的迭代开发。公司2020 年的软件增加值占总收入的比例达到27.38%、软件增加值占总毛利的比例达到58.86%，较前一年均有很大的提高，公司的收入结构不断偏向软件创收。未来随着AI 赋能到公司各条产品线，叠加公司创新业务板块陆续孵化分拆上市，将逐步脱离硬件传统估值，随着“软件化”提升，带来估值体系稳健上行。   
　　四、AI 赋能，估值重构，给予“买入”评级   
　　我们预计2020-2022 年营收778.63/937.98/1126.13 亿元，归母净利润169.93/213.58/264.13 亿元，EPS 为1.82/2.29/2.83 元/股，对应PE 31X/25X/20X，考虑到公司在全球安防行业收入排名第一行业地位，未来随着AI赋能到公司各条产品线，叠加公司创新业务板块陆续孵化分拆上市，将逐步脱离硬件传统估值，随着“软件化”   
　　提升，带来估值体系稳健上行。我们以2021 年47XPE 给予6 个月目标价85 元，给予“买入”评级。   
　　风险提示：1）新冠疫情；2）商业模式转变；3）供应链安全行业催化剂：1）转型升级；2）需求旺盛"
海康威视(002415)2020年年报暨2021年一季报点评：2020年稳中有进 21Q1业绩表现亮眼,公司,中信证券股份有限公司,徐涛/胡叶倩雯,2021-04-18,"公司2020 年实现营收634.3 亿元，同比+10.0%，实现归母净利润133.9 亿元，同比+7.8%， 在疫情背景下保持稳健成长。2021 年受益于下游需求复苏+芯片供应链吃紧引发的行业整合，公司21Q1 实现收入140.0 亿元，同比+48.4%，归母净利润21.7 亿元，同比+45.0%。公司在数字化转型领域的布局更趋完善，看好公司长期发展空间，维持“买入”评级。   
    2020 年维持稳健增长态势，剔除汇兑影响后实际增速近15%。公司2020 年实现营收634.3 亿元，同比+10.0%，实现归母净利润133.9 亿元，同比+7.8%，扣非后归母净利润128.1 亿元，同比+6.4%。整体来看2020H1 疫情冲击下安防业整体承压，H2 随着疫情逐步取得控制相关需求逐步复苏，公司作为行业龙头韧性更强，全年保持稳增长，其中归母净利润增速略低于收入端，主要源于公司2020 年创新业务盈利增速高于公司传统主业（创新业务子公司中少数股东持股比例为40%，所以归母净利润只并表60%）。成本端而言，公司2020 年毛利率为46.53%，同比+0.54pct。费用端而言，公司2020 年销售/管理/研发/财务费用率分别同比-0.97/-0.34/ +0.53/+1.73pcts，其中财务费用承压主要源于人民币升值背景下，公司2020 年汇兑损失9.27 亿元，若剔除汇兑影响则公司实际业绩增速接近15%。现金流方面，公司2020 年收现比为1.07，同比+0.04，净利润现金含量为1.18，同比+0.56，得益于公司优秀的回款能力。公司2020年人均创收&人均盈利分别提升14.5/2.4 万元，彰显公司前期在统一软件构架等方面的投入逐步迎来收货。就单季度而言，公司Q4 单季度营收214.8 亿元，同比+20.6%，归母净利润49.5 亿元，同比+12.8%，若剔除汇兑影响则公司20Q4实际业绩增速同样接近15% 。公司20Q1~Q4 收入增速分别为-5.2%/+6.2%/+11.5%/+20.6%，表明公司逐步摆脱疫情带来的负面冲击，重回稳定增长通道。   
    2020 年前低后高，H2起国内外各版块迎来显著复苏。分地区来看，1）国内方面：营收同比+10.6%至458.1 亿元，毛利率同比-1.1pct 至44.9%（毛利率承压部分源于低毛利率的建造工程业务占比提升），其中PBG 营收同比+4.6%至163.04 亿元，20H1疫情影响下政府项目推进迟缓，公司上半年PBG增速为-5%，但Q2 起PBG 增速已逐步转正，H2 随着疫情影响基本消除，公司下半年PBG增速提升至+11%，助力全年实现5%左右的稳健增长。展望2021 年PBG 在新基建带动下有望保持良好增长态势（我们月报中观测到的招投标数据显示21Q1国内政府端安防项目招标&中标额分别同比+103%/+46%）；EBG 营收同比+20.6%至151.8 亿元，主要源于大企业需求韧性强，公司H1/H2 同      比增速分别为20%/21%。展望2021 年，公司在数字化转型领域的布局更加完善，AI 能力进一步产品化，供给端改善有望推动需求端加速落地；SMBG 营收同比+3.5%至96.8 亿元，其中H1/H2 同比增速分别为-27%/+27%，主要源于渠道端需求波动性更大，自20H2 起随着宏观经济复苏，渠道端需求迎来加速反弹，我们预计2021 年有望延续。2）海外方面：营收同比+9.0%至177.0 亿元，毛利率同比+4.8pcts 至50.7%，疫情期间公司积极推出防疫产品对冲传统安防需求延后释放的影响，后续随着疫情影响逐步消除（各地区间差异较大），传统安防需求迎来复苏（H1/H2 同比增速均为+9%），21 年随着各国疫苗接种顺利推进，看好传统安防需求保持回暖趋势。公司创新业务营收同比+39.0%至61.7 亿元，其中萤石与机器人业务收入体量分别达29/14 亿元（对应增速为13%/67%），其他创新业务中微影（红外）、睿影（安检）、汽车电子等亦有不俗表现，整体来看创新业务营收占比达10%，已成为公司重要的增长来源。   
    21Q1 受益需求复苏+行业整合，公司业绩表现亮眼。公司2021 年Q1 实现收入140.0 亿元，同比+48.4%，归母净利润21.7 亿元，同比+45.0%，扣非后归母净利润20.2 亿元，同比+37.6%，超市场预期。我们认为公司一季度表现亮眼，主要源于1）21Q1 低基数：受疫情影响下，20Q1 传统安防需求承压，而21 年疫情影响基本消除，SMBG 等板块加速迎来复苏；2）自去年下半年以来，由于安防芯片龙头海思受限叠加全球晶圆产能紧张，安防芯片交货周期拉长影响下游终端出货节奏，其中海康威视作为行业龙头供应链资源更加丰富，同时前期已储备大量存货（21Q1 存货高达133 亿元），在此背景下进一步实现份额整合。   
    公司21Q1 毛利率为46.8%，同比-0.54pct 但相对于19Q1 提升2pcts，传统业务毛利率上行源于公司产品结构调整，以及Q1 受芯片端涨价影响相对有限；销售/管理/研发/财务费用率分别同比-1.8/-0.8/-0.9/+1.5pcts，公司21Q1 仍面临汇兑损失，剔除其影响后实际业绩表现更佳。   
    公司在数字化转型布局趋于完善，中长期视角下我们坚定看好公司长期价值。   
    公司看好智慧城市、企业数字化转型等领域未来需求，积极强化自身在数字化转型领域的布局：1）硬件层面：从可见光到非可见光的拓展有更多落地，真正做到全面感知，并基于这些感知技术做了更多硬件融合的品种；2）软件层面：   
    统一软件技术体系下组件仓库累计的组件数2020 年也从1600+提升至2300+个，数智底座、AI 开发平台2.0 版本、低代码引擎等技术让公司的AI 能力进一步产品化，加速数据及客户粘性的正循环等。受益于公司能力的提升，下游应用端目前也出现加速落地趋势，有望助力公司未来保持良好发展态势。我们持续看好公司在数字化转型赛道上的布局，这是未来产业物联网时代最大的赛道，海康威视也是布局最早、同时需求挖掘最持续的企业，坚定看好公司未来发展。   
    风险因素：需求不及预期；海外竞争加剧；AI 进展低于预期；汇率波动风险。   
    投资建议：目前下游需求迎来全面复苏，我们上调公司2021-2022 年EPS 预测为1.72/2.14 元（原预测为1.71/2.14 元），并新增2023 年EPS 预测为2.61元。公司是全球安防龙头，中美摩擦对公司的影响也已充分体现，疫情的负面冲击已基本消除，公司基本面持续向好，并在2021 年供应链紧张背景下有望提升市场份额；展望未来，公司龙头地位巩固，并且是国内企业数字化转型市场中卡位最好、布局最坚定的厂商之一。我们坚定看好公司的中长期布局及龙头地位，给予2021 年PE=50 倍，目标价86 元，维持“买入”评级。"
海康威视(002415)：一季度大超预期 开放平台日益完善,公司,东方证券股份有限公司,蒯剑/马天翼,2021-04-18,"核心观点   
    一季度业绩超预期：海康20 年营收635 亿元，增长10%，归母净利润134亿元，增长8%。经营性净现金流超过160 亿元，与净利润的比例为历年来最高。研发费用率超过10%，相比17 年的7.6%大幅提升。国内三大事业群中，EBG 增长最快，为21%。一季度营收和归母净利润分别为140 亿和21.7 亿元，同比分别增长48%和45%，大超市场预期，毛利率为46.8%，反映了海康在整个半导体供货紧张状态下的定价能力。   
    技术与产品持续进步：除了视觉，公司具备了红外、毫米波、X 光等多维感知能力。海康统一了软件研发体系，为各类型设备提供了统一的嵌入式软件平台HEOP，软硬件产品开发进入了良性互动的循环迭代流程，合作伙伴也可基于HEOP 进行物联网设备智能应用功能的迭代开发。海康的算法、模型、组件等仓库大大提升复用性和效率，海康提供设备、平台、数据和应用的全面开放能力，打造开放生态。在PBG 领域，海康基于感知、数据和应用平台，构建面向智慧城市的数智底座。在EBG 领域，海康打造低代码软件引擎，构建数字世界UI，深化企业级SaaS 服务，在煤矿冶金、商业地产、制造企业、烟酒盐、物流、零售连锁、教育教学等多个行业用户中实践落地。在SMBG 领域，海康打造海康互联、海康云商两大主线平台。   
    创新业务快速发展：创新业务营收61.7 亿元，增长39%，其中萤石智能家居29.2 亿元，受疫情影响增速放缓至13%，21 年有望加速发展，萤石形成了1+4+N 的云平台-自营产品-生态产品的业务体系，截至20 年底，萤石云平台全球接入设备近亿台，平台注册用户超过7,000 万，月活跃用户数量超过2500 万，日活跃用户数量过千万。智能门锁、智能控制等产品已用于龙湖等头部地产公司的精装房项目中。机器人业务营收13.6 亿元，增长67%。   
    汽车电子业务中乘用车前装业务实现了一倍的增长，海康持续深耕上汽、长安等自主品牌，20 年累计新量产项目50 余个，新增项目60 余个，涉及车型40 余款。20 年正式通过PSA、马自达、沃尔沃、捷豹路虎等国际车企的供应商审核，并新获得东风本田、上汽通用等多个定点项目。   
    财务预测与投资建议   
    我们预测公司21-23 年每股收益分别为1.67、1.95、2.24 元（原21-22 年预测为1.64、1.86 元，上调了分业务收入预测），根据可比公司，维持给予21 年42 倍PE 估值，对应目标价为70.14 元，维持给予买入评级。   
    风险提示   
    宏观经济发展不及预期，海外业务发展不及预期，创新业务发展不及预期。"
海康威视(002415)：最先迈入AIOT时代的全球科技龙头,公司,安信证券股份有限公司,吕伟/胡又文,2021-04-18,"突破传统安防边界，AI 解锁智能时代。公司20 年的发展史就是不断开拓业务边界的过程。如今，公司业务由单一安防产品逐步拓展到综合安防、大数据服务和智慧业务，致力于构筑云边融合、物信融合、数智融合的智慧城市和数字化企业。公司的产业链升级可以划分为三个阶段：从诞生至今的数字化时代；从2010 年起始的网络+高清化时代；和在AI 及大数据背景下的智能化时代。公司超前布局使得业务结构从原来单一的安防产品扩展至前端音视频产品、后端音视频产品、中心控制设备机器人和智能家居等创新业务，前端产品仍然为公司主业的中流砥柱，随着行业集中度上升，公司前端产品进一步被市场所认可，其毛利率和营收入均呈逐年上升趋势。公司19065名研发、技术服务人员散布在全球的10 个研发中心和7 所生产基地中，构建以研发、生产一体化的海康体系。   
　　AIoT 时代：安防边界模糊化，场景高度碎片化。传统安防正在走向“泛安防”生态圈，安防行业上游的更新也带来了下游产品的整体升级。其中视频监控占泛安防产品比重较大，是AI 安防最先落地的场景。视频监控是泛安防的核心环节，应用场景也最为广泛。多场景需求造成安防应用“长尾效应”，行业“碎片化”效应愈加明显。随着人工智能、大数据等新一代信息技术发展，智能安防时代的到来让安防行业的边界逐渐模糊化，在新技术的加持下许多未被满足的需求有望实现。   
　　被低估的架构变革：全球最先适应AloT 时代碎片化特性的科技巨头。公司在18 年同时推出AIcloud 平台和事业部架构变革，目前已覆盖公安、交通、司法、金融、文教卫、能源和楼宇七大行业和40 余个子行业的纵向垂直行业布局。公司业务架构的变革重组，重新组织整合资源，将国内业务分为PBG、EBG、SMBG 三个业务群，更有针对性地面对不同类型市场和客户，更有效地协同内部资源。三大事业群有效整合行业资源。   
　　PBG 主攻ToG 方案，面向政府及政企用户，提供“感知+数据+认知”的城市级整体解决方案；   
　　EBG 紧抓头部用户，多方位助力企业价值提升；SMBG 专注于尾部用户集中打造产业互联网。   
　　AI 给公司带来的创新业务红利：机器视觉与机器人。公司成为国内机器视觉应用技术领先者，目前公司产品已覆盖光源、镜头、相机、视觉控制器等专业机器视觉部件。在工业机器人方面，公司布局海康机器人，为行业提供海康机器人智慧工厂式的全方位定制解决方案。同时在服务型机器人方面，公司公告拟拆分上市的萤石网络证明了其孵化创新业务的巨大潜力，萤石网络2017-2019 年的净利润分别达到0.37 亿元、1.19 亿元、2.60 亿元，萤石网络旗下儿童陪护机器人、智能可视宠物喂食器和“星舰”智能云视觉机器人覆盖三条服务型机器人赛道。   
　　投资建议：公司是目前全球科技巨头中，率先通过主动架构变革来适应AloT时代碎片化特性的公司，将率先享受智能化时代多场景下创新业务百花齐放的红利，预计2021-2022 年EPS 分别为1.72 元和2.00 元，维持买入-A 评级。   
　　风险提示：海外新冠疫情的不稳定性有可能导致全球经营风险和供应链风险；海外贸易风险；新产品市场进展不及预期；分拆上市不及预期。"
海康威视(002415)年报&一季报点评：一季报大超预期 AIOT时代红利最先受益者,公司,安信证券股份有限公司,吕伟/胡又文,2021-04-18,"一季报业绩大超预期，现金流大幅向好。2020 年，公司实现营业总收入635.03 亿元，比上年同期增长 10.14%；实现归属于上市公司股东的净利润133.86 亿元，比上年同期增长7.82%。2021 年一季度公司实现营业收入139.88 亿元，同比增长48.36%，净利润21.69亿元，同比增长44.99%，大超市场预期；2020 年公司经营性现金流净额为160.88 亿元，同比增长107.12%，大幅好转。   
　　前端产品带动整体毛利率提升，未来仍存在提升空间。公司 2020年整体毛利率为 46.53%，与上年同期相比提高 0.54 个 百分点。   
　　其中前端产品毛利率达到55.63%，同比提升3.53 个百分点，带动公司整体毛利率上升。考虑到两方面因素，我们继续看好公司毛利率进一步向上：1、AI 渗透率提升带来安防产品软硬结合加强带动毛利率提升；2、上游芯片从主要集中于海思等厂商的格局转为相对分散供货体系，公司在上游芯片议价权大幅提升。   
　　逐年加大研发投入，把握AIoT 时代战略机遇期。公司研发费用率从 2017 年的 7.62%提高到 2018 年的 8.99%，到 2019 年的9.51%，到 2020 年的 10.04%，近5 年研发总投入超过200 亿元，研发技术人员超过2 万 人，占公司总人数近50%。高强度的研发投入，有助于公司在AIoT 时代战略机遇期，把握人工智能与大数据应用兴起、多探测器技术融合带来最终用户对智慧城市、企业数 字化转型、物联网认知提高带来的机会。   
　　AI 赋能企业数字化转型，EBG 成为主要增长极。公司企事业事业群收入保持相对较高增速，2020 年实现收入达到151.8 亿元，同比增长20.56%，不但增速远超其他事业部是公司收入主要增极，而且其收入绝对值已经逼近PBG 的163 亿元，我们预计未来一年将上升为公司收入最高的事业部。公司AI 产品已经进入成熟放量期，推动企事业数字化转型的需求显现，已经成为公司收入增长主要驱动力。此外创新业务子公司海康汽车技术、海康微影、海康存储、海康慧影、海康消防、海康安检等相应业务进一步丰富公司企业级服务的产品服务范围。   
　　投资建议：公司作为全球安防龙头企业正迎来AI 产品放量拐点，此外智能家居、机器人业务等创新业务被不断突破，预计2021-2022年EPS 分别为1.72 元、2.00 元，维持买入-A 评级。   
　　风险提示：海外新冠疫情的不稳定性有可能导致全球经营风险和供应链风险；海外贸易风险；新产品市场进展不及预期；分拆上市不及预期。"
海康威视(002415)：夯实多维感知 云边融合、物信融合持续深入 一季报超预期,公司,兴业证券股份有限公司,谢恒/姚康,2021-04-18,"投资要点   
    公告：   
    1、公司发布2020 年年报，营业收入635.03 亿元，同比增长10.14%，归母净利润133.86 亿元，同比增长7.82%。   
    2、公司发布2021 年一季报，营业收入139.88 亿元，同比增长48.36%，归母净利润21.69 亿元，同比增长44.99%。   
    全年业绩稳步增长，EBG 和创新业务是主要增量。公司全年收入增长10.1%，归母净利润增长7.8%，在疫情影响下实现稳健增长，主要得益于EBG 事业部和创新业务的快速增长，随着疫情得到控制，PBG 和SMBG业务下半年都得到较好恢复：1）企事业数字化转型的需求持续旺盛，公司在各个行业智慧业务的应用优势突出，EMG 事业群收入151.8 亿元，同比增长20.56%；2）PBG 事业群收入163.04 亿元，同比增长4.61%；3）SMBG 事业群收入96.83 亿元，同比增长3.5%；4）创新业务方面，整体收入61.68 亿元，同比增长39.03%，其中智能家居业务收入29.19 亿元，同比增长12.6%，机器人业务13.59 亿元，同比增长66.91%。   
    分国内外看，国内收入458.07 亿元，同比增长10.59%，海外收入176.97亿元，同比增长8.98%。   
    分季度来看，2020Q1-Q4 收入增速分别为-5.2%、6.2%、11.5%、20.6%，归母净利润增速分别为-2.6%、16.7%、0.1%、12.7%（Q2 红外产品贡献较大，Q3 汇兑损失较大），整体呈现随着疫情得到控制逐季提升的态势。   
    经济逐渐复苏，2021Q1 加速成长，业绩超预期。随着经济持续复苏，产业链的各个环节加大投入，公司21Q1 收入、归母净利润增速分别达到48.36%、44.99%，超出市场预期。同时，我们判断，由于多种原材料存在供货紧张的问题，小企业供应得不到保证，格局向好，并且公司继续保持较高库存水位，一季度末存货金额133 亿，相对2020 年末进一步增加，以平滑上游供货紧张带来的波动。   
    AI 持续落地+人效回升，盈利能力稳中有升。公司2020 年毛利率46.53%，同比提升0.54 个百分点，上半年热成像测温产品对毛利的拉动作用较大，AI占比增加对于公司产品附加值提升也持续显现，前端产品毛利率提升3.53 个百分点，创新业务毛利率也有0.62 个百分点的提升。同时内部持续降本增效，也是公司一直以来的核心竞争力。   
    按区域来看，国内业务毛利率同比下降1.11 个百分点，海外业务外毛利率提升4.78 个百分点。2020Q1 公司毛利率46.82%，同比小幅下滑，主要是去年同期高毛利红外产品占比相对较高。   
    费用方面，公司2020 年采取了较为保守的费用策略，控制人员增长，控制费用支出，2020 年底公司人数为4.27 万人，较前一年底增加5.65%，增速快速降低，2020 年销售、管理费率同比分别降低0.97、0.34 个百分点，研发费率则进一步提升0.53 个百分点至10.04%。由于汇兑损失大幅增加（2019 年为汇兑收益1.8 亿元，2020 年为汇兑损失9.3 亿元），财务费用同比增加10.4亿元。2020Q1 由于销售收入快速增加，销售、管理和研发费率合计同比减少3.49 个百分点，汇兑损失增加，带动财务费用比去年同期增加1 亿元左右。   
    2020 年全年经营活动现金流量净额160.88 亿元，是历年来经营性现金流净额与当年净利润比最高的一年，主要得益于公司积极回款，此外，部分产品如红外测温类产品的付款条件较好，对提升公司现金流水平有所帮助。2020Q1为-20.18 亿元，同比也有较大幅度改善。   
    行业需求持续释放，多维感知+云边融合+物信融合打开成长空间。随着疫苗接种人数增加，国内外经济活动复苏，公司PBG、SMBG 和海外业务增速持续回升；EBG 方面，龙头企业在信息化上的投资刚刚拉开帷幕，成长空间巨大；创新业务也将继续保持高速增长。   
    公司在行业调整期苦炼内功、精耕细作，18 年基本完成统一软件架构平台的搭建，19 年持续磨合，在部分项目中逐渐落地。同时基于对物联感知业务的战略定位，形成在可见光、毫米波、远红外、X 光、声波领域的五条技术主线，构成公司多维感知技术的主架构。我们认为随着未来行业需求增加，公司响应能力将进一步提升，有望获取更高份额，人均效率也将持续提升，2020年公司人均创收开始回升，未来有望持续。   
    中长期看，公司推动的AI Cloud 云边融合计算架构、物信融合数据架构持续落地，不仅大幅增加原有业务的附加值，而且通过智能物联网与信息网之间的数据交互，也夯实在深度学习、大数据、智能物联网、数据应用等领域的发展基础，不断挖据有助于社会效率提升的新市场、新需求，完成从安防公司向大数据公司的转型。我们上调公司21-23 年归母净利润为172.3、212.2、255.5 亿元，对应当前股价（2021 年4 月16 日收盘价）PE 为30.9、25.1、20.9倍，维持“买入”评级！   
    风险提示：宏观经济下行；中美贸易恶化；行业竞争加剧。"
海康威视(002415)：“脱钩”安防加速 多维感知技术拓展产品组合和场景 一季报大超预期,公司,国盛证券有限责任公司,刘高畅/郑震湘/杨烨,2021-04-18,"事件：2021 年4 月16 日晚，公司发布2020 年年报和2021 年一季报，2020 年实现收入635.03 亿元，同比增长10.14%，实现归母净利润133.86 亿元，同比增长7.82%，实现扣非后归母净利润128.06 亿元，同比增长6.38%。2021 年第一季度实现收入139.88 亿元，同比增长48.36%，实现归母净利润21.69 亿元，同比增长44.99%，实现扣非后归母净利润20.22 亿元，同比增长37.64%。2021 年一季报业绩大超市场预期。   
　　EBG 占比提升打开长期成长空间，人均产出提升印证研发效率提升和行业案例复制提速，现金流创历史新高、合同负债强劲增长印证产业链议价能力强化，创新业务持续高增加速“脱钩”安防，多维感知技术拓展产品组合，长期成长值得期待。公司2020 年EBG 板块收入增速为20.6%，增速高于其他业务板块，带动板块收入占比同比提升2.1 个pct 至23.9%，企业数字化浪潮的持续推动将打开公司的长期成长空间，降低业务收入周期性，融入更多行业Know-how 的行业应用解决方案将进一步提升客户粘性和公司的议价能力，拓宽公司的长期护城河。公司2020 年剔除生产人员后的人均产出达到205.3 万元/人，扭转了2016-2019 年这一数据的下滑趋势，同比增加约4%，人均产出的拐点印证了“统一软件架构+组织架构调整+AI 开放平台”三轮驱动所带来的研发效率提升和业内标杆案例复制速度的边际改善。2020 年公司经营性净现金流高达160.88 亿元，现金回款比例为107.4%，合同负债达21.6亿元，同比增加11.4 亿元，合同负债的增长印证了公司产业链议价能力进一步强化。   
　　同时，公司2021 年第一季度经营性净现金流为-20.18 亿元，同比改善19.64 亿元，公司自我造血能力表现优秀。公司旗下包括萤石网络、海康机器人等在内的8 个创新业务板块整体呈现出快速发展态势，2020 年创新业务收入增速达到约39.0%，其中机器人、萤石网络业务的同比收入增速分别为66.9%、12.6%，其他创新业务的收入同比增速高达83.5%，且2021 年1 月公司已公告将拆分萤石网络至科创板上市。此外，2021 年一季度创新业务继续保持高速发展态势，当期公司少数股东损益为2.65 亿元，同比大增364%，创新业务的持续高增将提振市场认知，加速“脱钩”   
　　安防。未来随着公司从可见光为中心渗透到毫米波、远红外、X 光、声波等技术领域和业务场景，多维感知技术将进一步拓展公司产品组合，长期成长值得期待。   
　　维持“买入”评级。我们预计公司2021-2023 年实现收入817.78 亿元、986.93 亿元、1193.07 亿元，归母净利润为179.48 亿元、218.94 亿元和265.88 亿元，对应目前股价PE 为29.7 倍、24.3 倍和20.0 倍，维持“买入”评级。   
　　风险提示：国内需求不确定性；贸易关系扰动风险；原材料涨价风险；AI 推进不及预期的风险；创新业务孵化不及预期的风险。"
海康威视(002415)深度研究：顶尖嵌入式软件公司的AI新成长,公司,上海申银万国证券研究所有限公司,施鑫展/洪依真/骆思远/刘洋,2021-03-27,"投资要点：   
　　在此前的深度报告中，我们详细论述了海康威视软化转型逻辑。本文进一步剖析预期差较大的三个方向：1）作为顶尖的嵌入式软件公司，海康威视的长期前景和竞争力仍然被低估；2）AI 赋能新业务的护城河、增量空间、对业绩贡献进一步明确；3）在机器视觉领域，海康AI 方案化后获得空间将数倍于国际巨头，这是不同商业模式/成本/数据来源决定的。   
　　国内最优秀的嵌入式软件公司之一，长期前景或被低估。1）嵌入式软件与当前风靡的SaaS/软件产品的附加价值、业务粘性殊途同归。软件产品/SaaS 的成长性由高粘性保证；嵌入式软件的成长性，可能由硬件载体下、软件持续升级的粘性保证，可能会产生类似的续约率。2）海康在渠道乘法和自有销售下沉之间，实现了精巧的均衡。作为嵌入式软件公司的海康拥有丰厚的利润空间，允许拓展错层渠道，覆盖庞大的长尾市场，实现价值倍增；同时海康极为重视自有销售体系的建设，不断推进资源向前线倾斜，更好地满足用户碎片化的需求，充分挖掘大客户的价值。二者的均衡强化了海康的核心竞争力。   
　　围绕“AI 新三要素”构建宽护城河。AI 产业从早期“技术驱动”向“商业驱动”阶段发展，AI 新三要素“产品/方案/工程化”是竞争焦点。海康借助深入的行业Know-How 和强工程化能力，能够用更低的成本、更高的效率落地更优质的智能化方案。且中台化后，成本和效率的优势进一步提升，EBG 大量落地AI 赋能项目即是证明。   
　　在AI 赋能业务拉动下，中性假设EBG 收入CAGR 25%。1）自上而下从AI 赋能提效降费的视角，测算出AI 赋能3000 亿市场空间（中性假设），显著高于安防设备市场，为海康提供了充足的成长空间；2）自下而上从单客户价值量提升的视角，中性假设EBG 收入CAGR 可达25%，且向上的弹性高。AI 赋能业务作为海康的“第二曲线”，极具潜力。   
　　与Keyence（基恩士）对标，海康在工业机器视觉领域全面追赶。Keyence 作为全球机器视觉龙头，具备极强盈利能力，2010-2019 财年收入CAGR 达到18%；近年毛利率高达80%，净利润率维持于35%-40%。高盈利源自“创造附加价值”的文化，通过“顾问式销售”发现客户潜在需求。海康正在快速拉近差距：在机器视觉产品布局上，持续打磨技术，打破垄断；在销售模式方面，同样紧密贴近客户；最关键的是，海康AI 方案化后获得空间将数倍于国际巨头，这是不同商业模式/成本/数据来源等决定的。本文梳理了重要科技领域的世界领军规模、映射后国内领军理论规模、实际规模的对比，证明上述结论。   
　　维持“买入”评级。公司2020 年已经进入新一轮增长曲线的“超级拐点”，2021 起有望持续兑现高成长：在统一软件架构下，人均创收/创利上行，伴随AI 赋能业务带来的收入提升，利润有望双击。维持盈利预测，预计2020-2022 年归母净利润为134.0/168.1/208.8亿元，对应PE 为35/28/23 倍。目标市值约8000 亿元，维持买入评级。   
　　风险提示：全球经营风险；供应链风险；宏观经济波动风险。"
海康威视(002415)：Q4单季度营收同比增速20% 逐季回暖趋势显著,公司,海通证券股份有限公司,郑宏达/洪琳/黄竞晶/杨林,2021-03-02,"营业收入重回双位数增长，净利润同比增长8%：公司发布业绩预告，根据公告，公司2020 年实现营收634.27 亿元，同比增长10.01%；实现利润总额为152.59亿元，同比增长10.93%；归母净利润为134.02 亿元，同比增长7.96%。2020 年度，公司审慎应对国内外经营环境的不确定性，继续坚持以客户需求为引领、以技术创新为驱动，保持业绩持续稳健增长。   
　　Q4 单季度营收同比增速20.13%，逐季回暖趋势显著：从Q4 单季度来看，Q4 实现营收214.06 亿元，同比增长20.13%；实现利润总额为55.32 亿元，同比增长29.65%；实现归母净利润为49.63 亿元，同比增长13.13%。我们认为，公司Q1-Q4单季度收入增速分别为-5.17%/6.16%/11.53%/20.13%，整体复苏趋势明显，我们认为未来有望持续保持高增长。   
　　致力于AI 赋能企业，EBG 从感知出发升级数字化应用：公司基于多维感知信息为企业提供更高维度的数字化应用。根据公司投资者关系活动记录，EBG 的物信融合平台可以汇聚企业的数据，感知到的物联数据以及企业信息化产生的信息数据，同时基于数据平台，加载智能分析的能力，构建认知智能，从数据中产生洞察，利用数据进行挖掘，由此形成智能应用。EBG 物信融合的架构中，实现多维感知的各种终端设备，已不仅仅用于解决安防的问题，而是融合到每一家企业的个性化的业务管理过程中，使企业信息化上升到智能物联，再到物信融合实现层层架构升级，公司已将物信融合架构在各个场景中作演练，一步步推动方案成熟。我们认为，公司EBG 的数字化业务从企业客户出发，以多维的数据AI 能力赋能企业效能提升，突破了传统安防需求范畴，打开智能化蓝海空间。   
　　持续孵化创新业务，拆分萤石至科创板上市：根据公司公告，海康拟分拆萤石网络至科创板上市。本次分拆完成后，海康威视股权结构不会发生变化，且仍将维持对萤石网络的控股权。萤石网络将作为公司下属智能家居及云平台服务业务的上市平台独立上市，通过科创板上市加大对智能家居综合解决方案及云平台服务业务核心技术的进一步投入，实现智能家居业务的做大做强，持续为个人、家庭及类家居场景下的用户提供智能化产品和优质服务。我们认为，萤石分拆上市将有助于萤石加大研发投入，巩固市场竞争优势，充分把握智能家居市场增长机遇。   
　　盈利预测与投资建议：我们认为，公司基于自身深厚技术积累，不断优化业务架构，积极应对外部环境变化，进一步确立竞争优势。我们预计，公司2021-2022 年EPS分别为1.74/2.07 元。由于公司在安防监控领域的核心能力，及未来在AI、创新领域的拓展潜力，未来公司可望保持持续的竞争优势，给予较同行业公司更高的估值溢价，给予公司2021 年34-38 倍PE，对应合理价值区间59.08-66.03 元/股，维持“优于大市”评级。   
　　风险提示：AI 产品进展低于预期的风险，行业增速低于预期的风险。"
海康威视(002415)：业绩持续走好 四季度再提速买入,公司,国信证券股份有限公司,欧阳仕华/许亮,2021-03-02,"2020 年业绩稳中有进，四季度业绩再提速   
    2021/02/27 日公司发布业绩快报，预计2020 年总营业收入634.27 亿元，同比增长10.01%；实现归母净利润134.02 亿元，同比增长7.96%。   
    全年业绩持续走好，一季度到三季度收入同比增速（-5.2%、6.2%和11.5%），四季度营业收入约214 亿元，同比增长20.13%。随着疫情后市场回暖，业绩持续走好；四季度实现归母净利润49.6 亿元，同比增长13.1%；排除四季度约4-5 亿元左右的汇兑损失影响，预计实际归母净利润增速有望超20%。   
    EBG 业务持续增长，行业景气度回升   
    2020 年公司在传统业务端，一方面EBG 业务保持高速增长，随着下游企业数字化生态逐渐发展，预计未来收入端将继续保持提速；另一方面，疫情后市场需求恢复，中小企业开始向疫情前水平靠拢，政府业务方面政府需求回暖，安防类项目招标金额自2020Q3 后增加，预计SMBG，PBG 事业群有望在2021 年增速提升。随着公司业务进一步“软化”，AI 技术深度融合，叠加智慧城市、政企数字化的政策利好，行业景气度将持续回升。   
    创新业务多点开花，打开业务上升空间   
    2020 年，公司萤石网络、海康机器人、海康汽车电子、海康智慧存储、海康微影、海康消防等创新业务渐次打开局面，与传统主业形成有效协同，为公司业绩注入新动力。2020 上半年，萤石网络收入11.8 亿元占比4.9%左右，海康机器人营收5.4 亿元占比2.2%左右，发展迅速。   
    随着萤石分拆上市，创新业务跳出“传统安防”，公司价值将被重塑。   
    风险提示：宏观经济增速不及预期；创新业务业绩增长不及预期。   
    投资建议：维持 “买入”评级。   
    预计2020-2022 年归母净利润134/145/168 亿元， 同比增速7.9/10.8/15.2%；摊薄EPS=1.44/1.59/1.83 元，当前股价对应PE=38.7/34.9/30.3x。考虑公司龙头地位，创新业务增长空间以及AI 属性，维持“买入”评级。"
海康威视(002415)：业绩逐季提速 EBG和创新业务带动全年稳健增长,公司,兴业证券股份有限公司,谢恒/姚康,2021-03-02,"投资要点   
    公告：   
    公司发布2020 年业绩快报，营业收入634.3 亿元，同比增长10.01%，归母净利润134.02 亿元，同比增长7.96%。其中Q4 收入214.1 亿元，同比增长20.1%，归母净利润49.63 亿元，同比增长13.1%。   
    全年业绩稳步增长，EBG 和创新业务是主要增量。公司全年收入增长10%，归母净利润增长8%，在疫情影响下实现稳健增长，主要得益于EBG事业部和创新业务的快速增长，随着疫情得到控制，PBG、SMBG 业务和海外业务也逐渐得到恢复。分季度来看，Q4 单季度收入、归母利润增速分别为20%、13%，相对Q1-Q3 收入增速-5.2%、6.2%、11.5%，归母净利润增速-2.6%、16.7%、0.1%（Q2 红外产品贡献较大，Q3 汇兑损失较大），整体呈现逐季提升的态势。   
    人员投入增速放缓，营业利润率提升。公司全年营业利润率23.94%，同比提升0.2 个百分点，其中Q4 单季度营业利润率25.67%，同比提升1.7个百分点，环比提升2.6 个百分点，我们判断主要是随着销售收入恢复快速增长，人员增速放缓，费率得到改善。另外，Q4 由于人民币继续升值，预计产生小几个亿汇兑损失，如果加回汇兑，利润增速将高于收入增速。   
    行业需求持续回暖，云边融合+物信融合打开成长空间。疫情得到控制后PBG、SMBG、海外业务复苏，随着疫苗接种人数增加，我们判断2021 年这一趋势将得到延续；EBG 方面，龙头企业在信息化上的投资刚刚拉开帷幕，成长空间巨大；创新业务也将继续保持高速增长。公司在行业调整期苦炼内功、精耕细作，18 年基本完成统一软件架构平台的搭建，19 年持续磨合，在部分项目中逐渐落地，我们认为随着未来行业需求回暖，公司响应能力将进一步提升，有望获取更高份额，人均效率也将持续提升，Q4 营业利润率的提升就是一个较好的开端。   
    中长期看，公司推动的AI Cloud 云边融合计算架构、物信融合数据架构持续落地，不仅大幅增加原有业务的附加值，而且通过智能物联网与信息网之间的数据交互，也夯实在深度学习、大数据、智能物联网、数据应用等领域的发展基础，不断挖据有助于社会效率提升的新市场、新需求，完成从安防公司向大数据公司的转型。预计公司20-22 年归母净利润为134、166.4、202.9亿元，对应当前股价（2021 年2 月26 日收盘价）PE 为41.6、33.5、27.5 倍，维持“买入”评级！   
    风险提示：宏观经济下行；中美贸易恶化；行业竞争加剧。"
海康威视(002415)：业绩符合预期 AI持续赋能,公司,中信建投证券股份有限公司,刘双锋/雷鸣/孙芳芳,2021-03-01,"事件   
　　2 月26 日盘后，海康威视发布2020 年年度业绩快报，公司全年实现营业总收入634.27 亿元，比上年同期增长10.01%；实现营业利润151.83 亿元，比上年同期增长10.76%；实现利润总额152.59 亿元，比上年同期增长10.93%；实现归属于上市公司股东的净利润134.02 亿元，比上年同期增长7.96%。   
　　简评   
　　一、2020 年全年符合预期，Q4 业绩营收净利润双回升公司2020 年营业收入较2019 年增长约10.01%，归母净利润同比增加7.96%，业绩符合预期；Q4 单季度营收为214.06 亿元，YoY+20.13%，QoQ 20.60%；归母净利润为49.63 亿元，YoY +13.30%，QoQ +30.09%，营收与净利润双回升：1）公司EBG 继续保持20%以上增长，受疫情缓解及经济恢复，PBG 业务与SMBG 业绩Q4增长逐步为正。2）公司大力推进 “数智融合”，进一步将AI 与感知大数据、多维大数据结合，推动智慧化管理手段的落地应用，助力各行业用户进行数字化转型，逐步推动公司AI 化转型，有助于提升公司软件占比及毛利率的提升。   
　　二、估值体系重构，脱“硬”向“软”   
　　AI 赋能尽显成效，软件增加值占总毛利率及占营收比例持续提升，估值体系重构，从传统硬件估值逐步过渡到软件估值。公司先后推出“AI Cloud”、“智慧底座”，提出“云边融合”计算架构、“物信融合”数据架构，所有产品都基于统一架构，最大程度降低了不同系统之间打通带来的集成和协作成本。   
　　三、AI 赋能，估值重构，给予“买入”评级   
　　我们预计2020-2022 年营收634.27/742.43/876.06 亿元，归母净利润134.02/159.25/189.55 亿元，EPS 为1.43/1.70/2.03 元/股，对应PE 39X/33X/27X，考虑到公司在全球安防行业收入排名第一行业地位，未来随着AI 赋能到公司各条产品线，叠加公司创新业务板块陆续孵化分拆上市，将逐步脱离硬件传统估值，随着“软件化”提升，带来估值体系稳健上行。我们以2021 年50XPE 给予6个月目标价85 元，给予“买入”评级。   
　　风险提示：1）新冠疫情；2）商业模式转变；3）供应链安全行业催化剂：1）转型升级；2）需求旺盛"
海康威视(002415)：顺周期逐季加速 2021年有望持续,公司,西部证券股份有限公司,兰飞,2021-03-01,"事件：公司发布2020年度业绩快报，全年实现营收634.27亿，同比+10.01%，实现归母净利润134.02亿元，同比+7.96%。   
　　营收和利润顺周期逐季加速，符合预期。公司2020年实现营收634.27亿，同比+10.01%；实现归母净利润134.02亿元，同比+7.96%，符合预期。   
　　其中2020Q4单季度实现营收214.06亿，同比+20.13%，环比+20.60%提速明显；实现归母净利润49.63亿元，同比+13.13%，考虑到Q4仍有不少汇兑损益，整体表现优异。环比持续改善主要由于国内经济较快恢复，需求提升，海外市场也逐步向好。   
　　竞争格局改善，竞争优势进一步增强。华为海思2020年8月开始对市场逐步停供安防芯片后，海康相对竞争优势将进一步增强：1）行业巨头相关业务或受影响；2）其他芯片厂商填补空缺，海康优先级最高；3）公司为应对贸易摩擦，积累较多库存，安全边际更高。   
　　预计2021年继续提速，展望乐观。公司营收逐季加速趋势明显，展望2021年，国内和海外经济在疫苗落地后快速恢复，带动整体需求上升，我们预计公司业绩有望继续加速。其中，PBG业务随需求复苏、新基建项目落地有望继续回暖； EBG业务受益于企业信息化转型过程，逐渐成为增长主力，趋势持续；SMBG业务加速渗透有望表现优异。   
　　投 资 建 议 ： 我 们 预 测 公 司 2020-2022 年 归 母 净 利 润 分 别 为134.02/160.80/188.28亿元，同比增速分别为8.0%/20.0%/17.1%。维持公司目标价77.40元和“买入”评级。   
　　风险提示：下游需求发展不及预期、中美贸易摩擦加剧风险、安防 AI 推进不及预期、创新业务孵化不及预期"
海康威视(002415)：Q4表现亮眼助力全年稳健增长 预计2021年迎来全面向好趋势,公司,中信证券股份有限公司,徐涛/胡叶倩雯,2021-03-01,"公司发布2020 年业绩快报，实现营收634.3 亿元，同比+10.0%，归母净利润134.0 亿元，同比+8.0%，其中Q4 收入/净利润增速分别为+20.1%/+13.1%,较Q3 环比持续改善，若剔除汇兑损失影响则公司Q4 实际表现更佳。全球范围内疫情影响正持续消退，我们判断2021 年公司各板块有望迎来全面复苏，同时公司助力企业数字化转型的相关业务有序推进，我们看好公司中长期发展空间，维持“买入”评级。   
　　Q4 延续环比复苏趋势，全年在外部承压背景下维持稳健增长。公司2020 年实现营收634.3 亿元，同比+10.0%，实现利润总额152.6 亿元，同比+10.9%，归母净利润134.0 亿元，同比+8.0%。整体来看，2020H1 疫情冲击下安防业整体承压，H2 随着疫情逐步取得控制相关需求逐步复苏，公司作为行业龙头韧性更强，同时继续坚持以客户需求为引领、以技术创新为驱动，全年整体保持稳健增长，其中公司毛利率与期间费用率基本保持稳定，归母净利润增速略低于利润总额增速，主要源于公司2020 年创新业务盈利增速高于公司传统主业（创新业务子公司中少数股东持股比例为40%）。单季度而言，公司Q4 单季度营收214.1 亿元，同比+20.1%，归母净利润49.6 亿元，同比+13.1%，与20Q3 相比，20Q4 基本面环比继续呈改善趋势（Q3 收入/归母净利润增速分别为+11.5%/+0.1%）。此外需要注意的是，由于Q4 人民币继续升值，公司与Q3类似面临大额汇兑损失，若剔除此项影响则公司Q4 利润实际增速更高。   
　　看好2021 年需求复苏趋势，预计公司后续增速进一步回暖。2020 年受疫情影响，传统安防需求整体承压，然目前全球范围内新冠疫苗持续接种，疫情对安防需求的冲击已逐步消退，展望2021 年整体需求有望迎来反弹。国内方面，1）EBG：2020 年公司增速在国内三大BG 中最高，2021 年，料公司将在助力大企业数字化转型需求落地过程中持续受益；2）PBG：Q2 已实现增速回正，Q3/Q4公司增速进一步上行。2021 年是“十四五”开关之年，我们预计PBG 在“新基建”政策带动下有望保持良好增长态势：政府招投标方面，我们观察到21 年1 月招标及中标金额分别同比+137%/+50%；3）SMBG：20Q3&Q4 全面企稳回升，2021 年随着宏观环境稳定复苏，我们看好SMBG 加速反弹。海外方面，20Q4 部分地区出现疫情反复，但随着疫苗加速接种，疫情已呈现缓和趋势，整体来看2021 年海外需求有望迎来良好增长。创新业务方面，2020 年整体保持快速增长态势（盈利增速高于整体水平），并已开始推动萤石网络分拆上市，微影等其他创新业务亦有良好表现，2021 年看好多点开花。   
　　公司稳步助力企业数字转型，中长期视角下我们持续坚定看好公司长期价值。   
　　海康威视在助力企业数字化转型这一领域已有多年布局：1）公司掌握可见光、红外、毫米波雷达等多种感知技术，即掌握了最重要的数据入口之一，2）公司可为不同行业客户提供定制化解决方案，帮助大企业的数字化转型需求落地，同时公司借助统一软件架构平台实现规模效应，进一步提升公司项目落地能力和盈利能力。目前公司仍将在智慧化、软件化、产业链延伸等领域坚定投入，2019~20 年已有多个标杆性项目落地，并逐步从头部客户向腰部客户渗透不断打开成长空间，我们坚定看好公司未来发展。   
　　风险因素：需求不及预期；海外竞争加剧；AI 进展低于预期；汇率波动风险。   
　　投资建议：目前下游需求迎来全面复苏，结合公司业绩快报，我们调整公司2020-2022年EPS 预测为1.43/1.71/2.14 元（原预测为1.44/1.62/1.96 元）。公司是全球安防龙头，过去受国内政府去杠杆、中美贸易摩擦、疫情等宏观因素影响，下游需求端持续承压；站在当前时点，我们观察到一方面宏观环境正环比改善，另一方面中美摩擦对公司的影响也已充分体现。展望未来，公司龙头地位巩固，并且是国内企业数字化转型市场中卡位最好、布局最坚定的厂商之一。我们坚定看好公司的中长期布局及龙头地位，给予2021年PE=42 倍，目标价71.82 元，维持“买入”评级。"
海康威视(002415)：Q4业绩超预期 继续呈现稳健复苏,公司,广发证券股份有限公司,许兴军/王亮/王昭光,2021-03-01,"核心观点：   
    公司发布业绩快报，Q4 业绩超预期。公司2020 年全年实现营收634.3亿元，同比增长10.0%，实现营业利润151.8 亿元，同比增长10.8%，实现归母净利润134.0 亿元，同比增长8.0%。对应Q4 单季度来看，公司实现营业收入214.1 亿元，同比增长20.1%，实现营业利润55.0亿元，同比增长28.8%，实现归母净利润49.6 亿元，同比增长13.1%。   
    收入增速呈现逐季度稳健复苏， 业绩端费用剪刀差继续体现。   
    2020Q1~Q4 公司单季度收入增速分别为-5.2%、6.2%、11.5%、20.1%，在宏观经济环境修复背景下呈现逐季度稳健复苏，Q4 增速修复程度超市场预期。利润端方面，由于公司统一软件架构平台开始对人效提升带来实质性改善，公司人员扩张速度在近一年多以来明显放缓，因此公司费用增速开始向下，与收入增速形成剪刀差。在Q3 单季公司三费合计同比增速仅有1.9%，为近年来首次且大幅低于收入增速，我们判断这一趋势在Q4 继续放大，对利润增速形成支撑，带动公司Q4 营业利润增速实现28.8%，超出市场预期。   
    展望21 年业绩增速继续向上，拥抱企业和政府数字化转型广阔空间。   
    我们预计伴随宏观经济进一步复苏，今年公司国内业务有望延续向上趋势。公司业务已实质性转型成为包括大数据服务在内的视觉AIoT 全栈服务商，在企业和政府数字化转型背景下成长天花板彻底打开，短期体现为EBG 增速亮眼，未来伴随芯片成本持续下降，交付效率大幅提升，公司业务升级将加速演绎，带动未来整体业绩表现。   
    维持“买入”评级。预计20~22 年EPS 为1.43/1.84/2.30 元，参考可比公司估值，综合考虑公司行业地位、未来业绩成长性和经营稳健性，给予2021 年35 倍PE，合理价值64.30 元/股，维持“买入”评级。   
    风险提示。新冠疫情影响，中美贸易摩擦影响等。"
海康威视(002415)：20Q4收入利润均超预期 创新业务盈利显著上行,公司,上海申银万国证券研究所有限公司,刘洋/骆思远/洪依真/施鑫展,2021-03-01,"投资要点：   
    事件：公司发布业绩快报，收入、利润均超预期！根据业绩快报：2020 全年收入634.3亿元，同比增长10.0%；全年归母净利润134.0 亿元，同比增长8.0%。其中20Q4 收入214.1 亿元，同比增长20.1%；归母净利润49.6 亿元，同比增长13.1%。我们在2020 年业绩前瞻中预测20Q4 收入增长12%、归母净利润增长5%，实际收入和净利润均超预期！   
    排除汇兑损失影响，实际Q4 利润增速预计达到20%！考虑到20Q4 人民币继续大幅升值，我们估计单季度汇兑损失在4 亿左右。将此外部影响扣除后，20Q4 净利润增长预计达到20%。若进一步扣除人民币升值对海外业务毛利率的负面影响，实际利润增速更高。   
    营业利润增速更高，证明创新业务盈利显著上行。公司20Q4 营业利润54.9 亿元，同比增长达28.8%，远高于归母净利润增速，我们推测主要由于少数股东权益增加所致。公司建立了完备的创新业务跟投体系，即对创新业务子公司，公司持有60%的股权，员工跟投平台跟投40%，将公司的资源价值转化为对核心员工的较高激励。目前已经成立了萤石网络、海康机器人、海康汽车电子、海康智慧存储、海康微影、海康消防、睿影科技等多家子公司，经营的业务包括智能家居、机器人、汽车电子、存储器、红外视觉设备、消防解决方案和智慧检测等。少数股东权益增加，意味着创新业务盈利能力大幅提升，公司新的增长引擎正在渐次启动。   
    AI 赋能业务正大量落地，安防业务景气回升。我们根据官方公众号、官网案例集等公开信息源对公司的各项业务进行跟踪，2017-2020 年，共统计官方发布的案例916 个，其中，传统安防监控类案例165 个，占比仅18%，其余案例均涉及各领域的赋能。其中智慧制造、能源冶金、智慧物流、零售连锁等领域从2019 年起开始涌现大量案例。而安防业务方面，根据我们的跟踪，政府安防类项目招标金额自20Q3 起明显上行，显示景气度回升；海外业务则受益于全球疫情的有效控制，有望重回正常增长轨道。   
    维持“买入”评级。公司2020 年已经进入新一轮增长曲线的“超级拐点”：在统一软件架构下，薪酬和费用增速将持续下行，伴随AI 赋能业务带来的收入和毛利提升，剪刀差扩大带来利润双击。盈利预测方面，考虑到汇兑损失等外部因素导致2020 年以及未来可能的表观净利润波动（重申经常性业务利润2020 实际超预期），以及创新业务快速成长使得预测期内少数股东损益提升，下调2020-2022 年归母净利润预测至134.0/168.1/208.8亿元（原预测值为136.0/181.6/229.4 亿元），对应PE 分别为39/31/25 倍，维持“买入”评级。   
    风险提示：外部环境尤其海外市场存在不确定性，宏观经济波动对需求端的影响。"
